[{"model": "contenttypes.contenttype", "pk": 15, "fields": {"app_label": "pnl", "model": "usuario"}}, {"model": "contenttypes.contenttype", "pk": 16, "fields": {"app_label": "pnl", "model": "ejercicio"}}, {"model": "sessions.session", "pk": "1hg222wuesd3ikvqao57o6hn1bmiwmqd", "fields": {"session_data": "MzAyNGQ2ZjY0YzUzZTc0ZGYxN2E3ODE4MTlmMGYyMTcwYzlkNGQ4YTp7Im1lbWJlcl9pZCI6NCwibWVtYmVyX05pdmVsIjoiMSIsIm1lbWJlcl9Qcm9ncmVzbyI6MX0=", "expire_date": "2020-02-08T02:12:31.077Z"}}, {"model": "sessions.session", "pk": "5e0k5jdmn8ny4p30hxq1ysips7w26q2m", "fields": {"session_data": "YjNmM2IzYzVmZmQ3ZTg2ODI3M2MxMWYzMGY5MWQ2NmE3MWU3ZTlkYTp7Im1lbWJlcl9OaXZlbCI6IkU1IiwibWVtYmVyX1Byb2dyZXNvIjoxLCJfYXV0aF91c2VyX2lkIjoiMSIsIl9hdXRoX3VzZXJfYmFja2VuZCI6ImRqYW5nby5jb250cmliLmF1dGguYmFja2VuZHMuTW9kZWxCYWNrZW5kIiwiX2F1dGhfdXNlcl9oYXNoIjoiMDQzM2E1NGZkYzEwM2ZkZTY2ZGZmZGY4YjhjYTlkYmI0MTg0OTZiNSIsIm1lbWJlcl9pZCI6N30=", "expire_date": "2020-02-10T02:08:15.544Z"}}, {"model": "sessions.session", "pk": "ad10uietvbm0m3mk9wsa98tehql6be7t", "fields": {"session_data": "NWFjZmQ0ZTAwZDJmZjdiMDUzZWNlNzJmZTRhMDcyNmE3YjExOGQ0ODp7Im1lbWJlcl9OaXZlbCI6MSwibWVtYmVyX1Byb2dyZXNvIjoxfQ==", "expire_date": "2020-02-08T02:22:54.454Z"}}, {"model": "sessions.session", "pk": "d1uskztdbdi4quvnluiyir35uk4jag4r", "fields": {"session_data": "NWFjZmQ0ZTAwZDJmZjdiMDUzZWNlNzJmZTRhMDcyNmE3YjExOGQ0ODp7Im1lbWJlcl9OaXZlbCI6MSwibWVtYmVyX1Byb2dyZXNvIjoxfQ==", "expire_date": "2020-02-10T05:25:40.989Z"}}, {"model": "sessions.session", "pk": "g3tgwxw101f4ctvfh2zqm8tp36wgvagl", "fields": {"session_data": "YjgzNWE5NDI0MTQ0Yzc0YTMzMDU3NTM2ZjFhMGUwMWI4MTI5NDY0ZDp7Im1lbWJlcl9OaXZlbCI6IkU1IiwibWVtYmVyX1Byb2dyZXNvIjoxLCJtZW1iZXJfaWQiOjd9", "expire_date": "2020-02-10T22:59:18.641Z"}}, {"model": "sessions.session", "pk": "isembqfw3g35y5vl0l1qsayldurcf9pv", "fields": {"session_data": "MzQwZDIyYjk0ODQ4OWEwOWM1YTQ3NWVhMTEzYTQ2YWU2NzcyOGMyMjp7Il9hdXRoX3VzZXJfaWQiOiIxIiwiX2F1dGhfdXNlcl9iYWNrZW5kIjoiZGphbmdvLmNvbnRyaWIuYXV0aC5iYWNrZW5kcy5Nb2RlbEJhY2tlbmQiLCJfYXV0aF91c2VyX2hhc2giOiIwNDMzYTU0ZmRjMTAzZmRlNjZkZmZkZjhiOGNhOWRiYjQxODQ5NmI1IiwibWVtYmVyX05pdmVsIjoiMiIsIm1lbWJlcl9Qcm9ncmVzbyI6MX0=", "expire_date": "2020-02-09T21:43:09.012Z"}}, {"model": "sessions.session", "pk": "jpfhdw5pnqyculhtdfyggdr6f1kq9mp1", "fields": {"session_data": "NTE4NDkwYTBjYjM2YjlkYTJlNDAwOTFiOTIxZjQwMTYyYWQ4ODUwZjp7Il9hdXRoX3VzZXJfaWQiOiIxIiwiX2F1dGhfdXNlcl9iYWNrZW5kIjoiZGphbmdvLmNvbnRyaWIuYXV0aC5iYWNrZW5kcy5Nb2RlbEJhY2tlbmQiLCJfYXV0aF91c2VyX2hhc2giOiIwNDMzYTU0ZmRjMTAzZmRlNjZkZmZkZjhiOGNhOWRiYjQxODQ5NmI1IiwibWVtYmVyX05pdmVsIjoxLCJtZW1iZXJfUHJvZ3Jlc28iOjF9", "expire_date": "2020-02-10T04:56:11.968Z"}}, {"model": "sessions.session", "pk": "kbv0a4tvmmjj9sp0fdixfgsw6wolm26z", "fields": {"session_data": "YWUxNjAyZGFkMjNjZWMyZjMwYjdhZTViMmUzMTgyMDc1OWU1ZDI1Njp7Im1lbWJlcl9pZCI6MSwibWVtYmVyX05pdmVsIjoiRTIiLCJtZW1iZXJfUHJvZ3Jlc28iOjF9", "expire_date": "2020-02-08T02:15:11.421Z"}}, {"model": "sessions.session", "pk": "mfknnm6v4h1f61wv06snntrlcmjwssr0", "fields": {"session_data": "ZDY5ZDRjODJiZjAyZGQwOTEyODA0ZDI3OWE3NjVhMmNkNWMyNTM4NDp7Im1lbWJlcl9OaXZlbCI6IjIiLCJtZW1iZXJfUHJvZ3Jlc28iOjEsIl9hdXRoX3VzZXJfaWQiOiIxIiwiX2F1dGhfdXNlcl9iYWNrZW5kIjoiZGphbmdvLmNvbnRyaWIuYXV0aC5iYWNrZW5kcy5Nb2RlbEJhY2tlbmQiLCJfYXV0aF91c2VyX2hhc2giOiIwNDMzYTU0ZmRjMTAzZmRlNjZkZmZkZjhiOGNhOWRiYjQxODQ5NmI1IiwibWVtYmVyX2lkIjo3fQ==", "expire_date": "2020-02-09T21:30:23.338Z"}}, {"model": "sessions.session", "pk": "vakca8igrsak65mzs419n5zqwdel6hl5", "fields": {"session_data": "MjcxYmYzODAyZWQwOTJhOWNiMmYyZjI5ZGNiODE4ZmZiM2VmNGEzYTp7Il9hdXRoX3VzZXJfaWQiOiIxIiwiX2F1dGhfdXNlcl9iYWNrZW5kIjoiZGphbmdvLmNvbnRyaWIuYXV0aC5iYWNrZW5kcy5Nb2RlbEJhY2tlbmQiLCJfYXV0aF91c2VyX2hhc2giOiIwNDMzYTU0ZmRjMTAzZmRlNjZkZmZkZjhiOGNhOWRiYjQxODQ5NmI1IiwibWVtYmVyX2lkIjo3LCJtZW1iZXJfTml2ZWwiOiIyIiwibWVtYmVyX1Byb2dyZXNvIjoxfQ==", "expire_date": "2020-02-09T21:37:01.294Z"}}, {"model": "sessions.session", "pk": "yg05cjps7b4ay46yrmba99rb7zws1zdi", "fields": {"session_data": "MDk2OGUyZjg5MjU4OGUwYmYwYzZkOGU2NjYyMTU4YjkwOGFiYjJiYzp7Im1lbWJlcl9OaXZlbCI6MSwibWVtYmVyX1Byb2dyZXNvIjoxLCJfYXV0aF91c2VyX2lkIjoiMSIsIl9hdXRoX3VzZXJfYmFja2VuZCI6ImRqYW5nby5jb250cmliLmF1dGguYmFja2VuZHMuTW9kZWxCYWNrZW5kIiwiX2F1dGhfdXNlcl9oYXNoIjoiMDQzM2E1NGZkYzEwM2ZkZTY2ZGZmZGY4YjhjYTlkYmI0MTg0OTZiNSJ9", "expire_date": "2020-02-10T04:32:18.168Z"}}, {"model": "pnl.tecnologico", "pk": 1, "fields": {"Nombre": "Instituto Tecnol\u00f3gico de Acapulco", "ClavePlantel": "1234"}}, {"model": "pnl.usuario", "pk": 7, "fields": {"NombreUsuario": "Alfon", "Nombre": "Alfonso", "ApellidoPaterno": "Rebolledo", "ApellidoMaterno": "Arguello", "Password": "Casaverde007", "Email": "rebodelloalfonsoarguello@gmail.com", "FechaNacimiento": "1998-01-27", "Nivel": "2", "Progreso": 4, "IdTecnologico": 1, "Foto": "perfil/hoja.jpg"}}, {"model": "pnl.usuario", "pk": 8, "fields": {"NombreUsuario": "Abraham!23", "Nombre": "Abraham", "ApellidoPaterno": "Casta\u00f1eda", "ApellidoMaterno": "Gonzales", "Password": "Casaverde007", "Email": "CastakerGonzales@outlook.com", "FechaNacimiento": "1997-07-27", "Nivel": "E5", "Progreso": 1, "IdTecnologico": 1, "Foto": "perfil/user2.png"}}, {"model": "pnl.usuario", "pk": 9, "fields": {"NombreUsuario": "SamiX", "Nombre": "Samuel", "ApellidoPaterno": "Macias", "ApellidoMaterno": "Gutierrez", "Password": "Casaverde007", "Email": "coyas78377@cnetmail.net", "FechaNacimiento": "1997-07-27", "Nivel": "1", "Progreso": 1, "IdTecnologico": 1, "Foto": "perfil/user3.png"}}, {"model": "pnl.usuario", "pk": 10, "fields": {"NombreUsuario": "JulioSan", "Nombre": "Julio", "ApellidoPaterno": "Magallon", "ApellidoMaterno": "Villanueva", "Password": "Casaverde007", "Email": "juli@cnetmail.net", "FechaNacimiento": "1997-07-27", "Nivel": "E5", "Progreso": 1, "IdTecnologico": 1, "Foto": "perfil/user4.png"}}, {"model": "pnl.usuario", "pk": 11, "fields": {"NombreUsuario": "Lottsi", "Nombre": "Justino", "ApellidoPaterno": "Mariscal", "ApellidoMaterno": "Ramos", "Password": "Casaverde007", "Email": "mariscal@hiwave.org", "FechaNacimiento": "1998-09-15", "Nivel": "E5", "Progreso": 1, "IdTecnologico": 1, "Foto": "perfil/user5.png"}}, {"model": "pnl.usuario", "pk": 12, "fields": {"NombreUsuario": "ALEXANDER", "Nombre": "Alexander Vladimir ", "ApellidoPaterno": "Neri", "ApellidoMaterno": "Carrillo", "Password": "VasoDeAgua98?", "Email": "Neri_Ca98@outlook.com", "FechaNacimiento": "2001-11-13", "Nivel": "E5", "Progreso": 1, "IdTecnologico": 1, "Foto": "perfil/A1.JPG"}}, {"model": "pnl.usuario", "pk": 13, "fields": {"NombreUsuario": "Illich", "Nombre": "Illich Aleksander", "ApellidoPaterno": "Ocampo", "ApellidoMaterno": "Estevez", "Password": "Oscuridad_98", "Email": "OCAMPO-MAQUINA555@hotmail.com", "FechaNacimiento": "2001-02-02", "Nivel": "E5", "Progreso": 1, "IdTecnologico": 1, "Foto": "perfil/2019-02-10_20.png"}}, {"model": "pnl.usuario", "pk": 14, "fields": {"NombreUsuario": "Luis1990", "Nombre": "Luis Antonio", "ApellidoPaterno": "Ortega", "ApellidoMaterno": "Sanchez", "Password": "Luis/98", "Email": "Sanchez-Luis1990@outlook.com", "FechaNacimiento": "2001-03-03", "Nivel": "E5", "Progreso": 1, "IdTecnologico": 1, "Foto": "perfil/A2.JPG"}}, {"model": "pnl.usuario", "pk": 15, "fields": {"NombreUsuario": "LUISENRI", "Nombre": "LUIS ENRIQUE", "ApellidoPaterno": "ORTIZ ", "ApellidoMaterno": "CAMACHO", "Password": "Camacho123_", "Email": "luisenriqueortizcamacho@gmail.com", "FechaNacimiento": "2000-08-20", "Nivel": "3", "Progreso": 1, "IdTecnologico": 1, "Foto": "perfil/A3.JPG"}}, {"model": "pnl.usuario", "pk": 16, "fields": {"NombreUsuario": "FrancoM", "Nombre": "Franco Rangel", "ApellidoPaterno": "Montes", "ApellidoMaterno": "Valle", "Password": "Montesv123", "Email": "montesvfranco123@gmail.com", "FechaNacimiento": "2001-12-12", "Nivel": "4", "Progreso": 1, "IdTecnologico": 1, "Foto": ""}}, {"model": "pnl.usuario", "pk": 17, "fields": {"NombreUsuario": "Verom", "Nombre": "Veronica", "ApellidoPaterno": "Moreno", "ApellidoMaterno": "Garcia", "Password": "Garciam4998", "Email": "morenov4998@gmail.com", "FechaNacimiento": "2001-02-04", "Nivel": "E5", "Progreso": 1, "IdTecnologico": 1, "Foto": ""}}, {"model": "pnl.usuario", "pk": 18, "fields": {"NombreUsuario": "Ulises", "Nombre": "Ulises", "ApellidoPaterno": "Memije", "ApellidoMaterno": "Per\u00e9z", "Password": "Ulises01", "Email": "ulisesmp01@outlook.com", "FechaNacimiento": "1999-05-03", "Nivel": "E5", "Progreso": 3, "IdTecnologico": 1, "Foto": "perfil/cora.jpg"}}, {"model": "pnl.usuario", "pk": 19, "fields": {"NombreUsuario": "Alexis", "Nombre": "Alexis", "ApellidoPaterno": "Mendez", "ApellidoMaterno": "Chino", "Password": "Alexis01", "Email": "AleMC00@outlook.es", "FechaNacimiento": "2001-10-24", "Nivel": "E5", "Progreso": 1, "IdTecnologico": 1, "Foto": "perfil/depositphotos_14286077-stock-photo-autumn-maple-leaf-on-water.jpg"}}, {"model": "pnl.usuario", "pk": 20, "fields": {"NombreUsuario": "NavaLore", "Nombre": "Jose Francisco", "ApellidoPaterno": "Nava", "ApellidoMaterno": "Lorenzo", "Password": "Lorenzon9984", "Email": "navaljf@hotmail.com", "FechaNacimiento": "2001-12-12", "Nivel": "E5", "Progreso": 3, "IdTecnologico": 1, "Foto": "perfil/images.jpg"}}, {"model": "pnl.usuario", "pk": 21, "fields": {"NombreUsuario": "CarlosAlberto", "Nombre": "Carlos Alberto", "ApellidoPaterno": "Martinez", "ApellidoMaterno": "Lazaro", "Password": "Carlos123", "Email": "CarlosAlbertoLM@hotmail.com", "FechaNacimiento": "2001-06-13", "Nivel": "E5", "Progreso": 3, "IdTecnologico": 1, "Foto": "perfil/c.png"}}, {"model": "pnl.usuario", "pk": 22, "fields": {"NombreUsuario": "Alejandro", "Nombre": "Alejandro", "ApellidoPaterno": "Mendoza", "ApellidoMaterno": "Calderon", "Password": "Alejandro01", "Email": "alecalmen@hotmail.com", "FechaNacimiento": "1999-04-12", "Nivel": "E5", "Progreso": 1, "IdTecnologico": 1, "Foto": "perfil/64099465-soportar-kawaii-lindo-animal-peque\u00f1o-icono-ilustraci\u00f3n-y-plana.jpg"}}, {"model": "pnl.usuario", "pk": 23, "fields": {"NombreUsuario": "YairJNM", "Nombre": "Jonatan Yair", "ApellidoPaterno": "Negron ", "ApellidoMaterno": "Moreno", "Password": "Moreno8994", "Email": "negronmjy@gmail.com", "FechaNacimiento": "2002-02-12", "Nivel": "E5", "Progreso": 3, "IdTecnologico": 1, "Foto": "perfil/\u00edndice.jpg"}}, {"model": "pnl.usuario", "pk": 24, "fields": {"NombreUsuario": "Jose Manuel", "Nombre": "Jose Manuel", "ApellidoPaterno": "Moctezuma", "ApellidoMaterno": "Ochoa", "Password": "Josemanuel01", "Email": "Jomocmanuel@outlook.com", "FechaNacimiento": "2000-04-05", "Nivel": "E5", "Progreso": 1, "IdTecnologico": 1, "Foto": "perfil/ee8ede905d16f0f93ddb64299343e210.png"}}, {"model": "pnl.usuario", "pk": 25, "fields": {"NombreUsuario": "MauricioG", "Nombre": "Mauricio Gael", "ApellidoPaterno": "Martinez", "ApellidoMaterno": "Pantoja", "Password": "Mauricio123", "Email": "MauricioGaelMP@hotmail.com", "FechaNacimiento": "2001-02-06", "Nivel": "E5", "Progreso": 3, "IdTecnologico": 1, "Foto": "perfil/m.png"}}, {"model": "pnl.usuario", "pk": 26, "fields": {"NombreUsuario": "GrabielaA", "Nombre": "Gabriela Adilene", "ApellidoPaterno": "Matias", "ApellidoMaterno": "Palma", "Password": "Grabiela123", "Email": "GabrielaAdileneMP@outlook.es", "FechaNacimiento": "2000-10-26", "Nivel": "E5", "Progreso": 3, "IdTecnologico": 1, "Foto": "perfil/g.png"}}, {"model": "pnl.usuario", "pk": 27, "fields": {"NombreUsuario": "JaimeM", "Nombre": "Jaime", "ApellidoPaterno": "Melo", "ApellidoMaterno": "Contreras", "Password": "JaimeM123", "Email": "JaimeMeloC@outlook.es", "FechaNacimiento": "2001-05-22", "Nivel": "E5", "Progreso": 3, "IdTecnologico": 1, "Foto": "perfil/j.png"}}, {"model": "pnl.usuario", "pk": 28, "fields": {"NombreUsuario": "Miguel", "Nombre": "Miguel Angel", "ApellidoPaterno": "Medina", "ApellidoMaterno": "Baltazar", "Password": "Miguel123", "Email": "MiguelAngelMedinaB@outlook.es", "FechaNacimiento": "2001-10-23", "Nivel": "3", "Progreso": 1, "IdTecnologico": 1, "Foto": "perfil/mi.png"}}, {"model": "pnl.aprendizaje", "pk": 9, "fields": {"Visual": 29.0, "Auditivo": 36.0, "Kinestesico": 36.0, "CantidadVisuales": 2, "CantidadAuditivos": 1, "CantidadKinestesicos": 2, "IdUsuario": 7}}, {"model": "pnl.aprendizaje", "pk": 10, "fields": {"Visual": 24.0, "Auditivo": 41.0, "Kinestesico": 35.0, "CantidadVisuales": 2, "CantidadAuditivos": 1, "CantidadKinestesicos": 2, "IdUsuario": 8}}, {"model": "pnl.aprendizaje", "pk": 11, "fields": {"Visual": 24.0, "Auditivo": 40.0, "Kinestesico": 36.0, "CantidadVisuales": 2, "CantidadAuditivos": 1, "CantidadKinestesicos": 2, "IdUsuario": 9}}, {"model": "pnl.aprendizaje", "pk": 12, "fields": {"Visual": 32.0, "Auditivo": 34.0, "Kinestesico": 34.0, "CantidadVisuales": 2, "CantidadAuditivos": 1, "CantidadKinestesicos": 2, "IdUsuario": 10}}, {"model": "pnl.aprendizaje", "pk": 13, "fields": {"Visual": 29.0, "Auditivo": 35.0, "Kinestesico": 35.0, "CantidadVisuales": 2, "CantidadAuditivos": 1, "CantidadKinestesicos": 2, "IdUsuario": 11}}, {"model": "pnl.aprendizaje", "pk": 14, "fields": {"Visual": 29.0, "Auditivo": 33.0, "Kinestesico": 37.0, "CantidadVisuales": 1, "CantidadAuditivos": 1, "CantidadKinestesicos": 3, "IdUsuario": 12}}, {"model": "pnl.aprendizaje", "pk": 15, "fields": {"Visual": 33.0, "Auditivo": 35.0, "Kinestesico": 32.0, "CantidadVisuales": 2, "CantidadAuditivos": 1, "CantidadKinestesicos": 2, "IdUsuario": 13}}, {"model": "pnl.aprendizaje", "pk": 16, "fields": {"Visual": 30.0, "Auditivo": 35.0, "Kinestesico": 35.0, "CantidadVisuales": 2, "CantidadAuditivos": 1, "CantidadKinestesicos": 2, "IdUsuario": 14}}, {"model": "pnl.aprendizaje", "pk": 17, "fields": {"Visual": 27.0, "Auditivo": 33.0, "Kinestesico": 40.0, "CantidadVisuales": 1, "CantidadAuditivos": 1, "CantidadKinestesicos": 3, "IdUsuario": 16}}, {"model": "pnl.aprendizaje", "pk": 18, "fields": {"Visual": 44.0, "Auditivo": 37.0, "Kinestesico": 19.0, "CantidadVisuales": 2, "CantidadAuditivos": 1, "CantidadKinestesicos": 2, "IdUsuario": 17}}, {"model": "pnl.aprendizaje", "pk": 19, "fields": {"Visual": 31.0, "Auditivo": 38.0, "Kinestesico": 31.0, "CantidadVisuales": 2, "CantidadAuditivos": 1, "CantidadKinestesicos": 2, "IdUsuario": 18}}, {"model": "pnl.aprendizaje", "pk": 20, "fields": {"Visual": 44.0, "Auditivo": 42.0, "Kinestesico": 14.0, "CantidadVisuales": 2, "CantidadAuditivos": 1, "CantidadKinestesicos": 2, "IdUsuario": 20}}, {"model": "pnl.aprendizaje", "pk": 21, "fields": {"Visual": 30.0, "Auditivo": 35.0, "Kinestesico": 35.0, "CantidadVisuales": 2, "CantidadAuditivos": 1, "CantidadKinestesicos": 2, "IdUsuario": 19}}, {"model": "pnl.aprendizaje", "pk": 22, "fields": {"Visual": 36.0, "Auditivo": 28.0, "Kinestesico": 36.0, "CantidadVisuales": 2, "CantidadAuditivos": 1, "CantidadKinestesicos": 2, "IdUsuario": 21}}, {"model": "pnl.aprendizaje", "pk": 23, "fields": {"Visual": 36.0, "Auditivo": 30.0, "Kinestesico": 34.0, "CantidadVisuales": 2, "CantidadAuditivos": 1, "CantidadKinestesicos": 2, "IdUsuario": 22}}, {"model": "pnl.aprendizaje", "pk": 24, "fields": {"Visual": 48.0, "Auditivo": 26.0, "Kinestesico": 26.0, "CantidadVisuales": 2, "CantidadAuditivos": 1, "CantidadKinestesicos": 2, "IdUsuario": 23}}, {"model": "pnl.aprendizaje", "pk": 25, "fields": {"Visual": 31.0, "Auditivo": 34.0, "Kinestesico": 34.0, "CantidadVisuales": 2, "CantidadAuditivos": 1, "CantidadKinestesicos": 2, "IdUsuario": 24}}, {"model": "pnl.aprendizaje", "pk": 26, "fields": {"Visual": 41.0, "Auditivo": 31.0, "Kinestesico": 28.0, "CantidadVisuales": 2, "CantidadAuditivos": 1, "CantidadKinestesicos": 2, "IdUsuario": 25}}, {"model": "pnl.aprendizaje", "pk": 27, "fields": {"Visual": 25.0, "Auditivo": 33.0, "Kinestesico": 41.0, "CantidadVisuales": 1, "CantidadAuditivos": 1, "CantidadKinestesicos": 3, "IdUsuario": 26}}, {"model": "pnl.aprendizaje", "pk": 28, "fields": {"Visual": 40.0, "Auditivo": 31.0, "Kinestesico": 29.0, "CantidadVisuales": 2, "CantidadAuditivos": 1, "CantidadKinestesicos": 2, "IdUsuario": 27}}, {"model": "pnl.aprendizaje", "pk": 29, "fields": {"Visual": 33.0, "Auditivo": 38.0, "Kinestesico": 29.0, "CantidadVisuales": 2, "CantidadAuditivos": 1, "CantidadKinestesicos": 2, "IdUsuario": 28}}, {"model": "pnl.aprendizaje", "pk": 30, "fields": {"Visual": 42.0, "Auditivo": 29.0, "Kinestesico": 29.0, "CantidadVisuales": 2, "CantidadAuditivos": 1, "CantidadKinestesicos": 2, "IdUsuario": 15}}, {"model": "pnl.temas", "pk": 1, "fields": {"Nombre": "Dise\u00f1o Algor\u00edtmico", "Numero": 1, "NSubtemas": 4}}, {"model": "pnl.temas", "pk": 2, "fields": {"Nombre": "Introducci\u00f3n a la programaci\u00f3n", "Numero": 2, "NSubtemas": 5}}, {"model": "pnl.temas", "pk": 3, "fields": {"Nombre": "Control de flujo", "Numero": 3, "NSubtemas": 3}}, {"model": "pnl.temas", "pk": 4, "fields": {"Nombre": "Origanizaci\u00f3n de datos", "Numero": 4, "NSubtemas": 4}}, {"model": "pnl.temas", "pk": 5, "fields": {"Nombre": "Modularidad", "Numero": 5, "NSubtemas": 3}}, {"model": "pnl.subtemas", "pk": 1, "fields": {"Nombre": "Conceptos B\u00e1sicos", "Numero": 1, "NEjercicios": 9, "IdTemas": 1}}, {"model": "pnl.subtemas", "pk": 2, "fields": {"Nombre": "Representaci\u00f3n de algoritmos", "Numero": 2, "NEjercicios": 9, "IdTemas": 1}}, {"model": "pnl.subtemas", "pk": 3, "fields": {"Nombre": "Dise\u00f1o de algoritmos", "Numero": 3, "NEjercicios": 9, "IdTemas": 1}}, {"model": "pnl.subtemas", "pk": 4, "fields": {"Nombre": "Dise\u00f1o de funciones", "Numero": 4, "NEjercicios": 9, "IdTemas": 1}}, {"model": "pnl.subtemas", "pk": 5, "fields": {"Nombre": "Conceptos B\u00e1sicos", "Numero": 1, "NEjercicios": 9, "IdTemas": 2}}, {"model": "pnl.subtemas", "pk": 6, "fields": {"Nombre": "Caracter\u00edsticas del lenguaje de programaci\u00f3n", "Numero": 2, "NEjercicios": 9, "IdTemas": 2}}, {"model": "pnl.subtemas", "pk": 7, "fields": {"Nombre": "Estructura b\u00e1sica de un programa", "Numero": 3, "NEjercicios": 9, "IdTemas": 2}}, {"model": "pnl.subtemas", "pk": 8, "fields": {"Nombre": "Elementos de lenguaje: tipo de datos, constantes, variables", "Numero": 4, "NEjercicios": 9, "IdTemas": 2}}, {"model": "pnl.subtemas", "pk": 9, "fields": {"Nombre": "Traducci\u00f3n de programa: compilaci\u00f3n-enlace-ejecuci\u00f3n y error", "Numero": 5, "NEjercicios": 9, "IdTemas": 2}}, {"model": "pnl.subtemas", "pk": 10, "fields": {"Nombre": "Estructuras secuanciales", "Numero": 1, "NEjercicios": 9, "IdTemas": 3}}, {"model": "pnl.subtemas", "pk": 11, "fields": {"Nombre": "Estructuras selectivas: simple, doble y m\u00faltiple", "Numero": 2, "NEjercicios": 9, "IdTemas": 3}}, {"model": "pnl.subtemas", "pk": 12, "fields": {"Nombre": "Estructuras iterativas: repetir mientras, hasta y desde", "Numero": 3, "NEjercicios": 9, "IdTemas": 3}}, {"model": "pnl.subtemas", "pk": 13, "fields": {"Nombre": "Arreglos", "Numero": 1, "NEjercicios": 9, "IdTemas": 4}}, {"model": "pnl.subtemas", "pk": 14, "fields": {"Nombre": "Unidimensionales: conceptos ", "Numero": 2, "NEjercicios": 9, "IdTemas": 4}}, {"model": "pnl.subtemas", "pk": 15, "fields": {"Nombre": "Multidimensionales: conceptos ", "Numero": 3, "NEjercicios": 9, "IdTemas": 4}}, {"model": "pnl.subtemas", "pk": 16, "fields": {"Nombre": "Estructuras o registros", "Numero": 4, "NEjercicios": 9, "IdTemas": 4}}, {"model": "pnl.subtemas", "pk": 17, "fields": {"Nombre": "Declaraci\u00f3n y uso de m\u00f3dulos", "Numero": 1, "NEjercicios": 9, "IdTemas": 5}}, {"model": "pnl.subtemas", "pk": 18, "fields": {"Nombre": "Paso de par\u00e1metros o argumentos", "Numero": 2, "NEjercicios": 9, "IdTemas": 5}}, {"model": "pnl.subtemas", "pk": 19, "fields": {"Nombre": "Implementaci\u00f3n", "Numero": 3, "NEjercicios": 9, "IdTemas": 5}}, {"model": "pnl.ejercicio", "pk": 82, "fields": {"IdUsuario": 7, "IdSubtema": 3, "IdTem": 1, "Nombre": "E1-V-3", "Tipo": "V", "Evaluacion": 83.0, "Fecha": "2020-01-26T01:26:00.366Z", "R1": "A", "R2": "C", "R3": "B", "R4": "C", "R5": "B", "R6": "B"}}, {"model": "pnl.ejercicio", "pk": 83, "fields": {"IdUsuario": 7, "IdSubtema": 1, "IdTem": 1, "Nombre": "E1-V-2", "Tipo": "V", "Evaluacion": 80.0, "Fecha": "2020-01-26T01:42:40.652Z", "R1": "A", "R2": "A", "R3": "B", "R4": "B", "R5": "C", "R6": "-"}}, {"model": "pnl.ejercicio", "pk": 84, "fields": {"IdUsuario": 7, "IdSubtema": 2, "IdTem": 1, "Nombre": "E1-A-3", "Tipo": "A", "Evaluacion": 83.0, "Fecha": "2020-01-26T01:57:54.356Z", "R1": "A", "R2": "A", "R3": "C", "R4": "A", "R5": "B", "R6": "A"}}, {"model": "pnl.ejercicio", "pk": 85, "fields": {"IdUsuario": 7, "IdSubtema": 1, "IdTem": 1, "Nombre": "E1-K-3", "Tipo": "K", "Evaluacion": 100.0, "Fecha": "2020-01-26T02:07:57.134Z", "R1": null, "R2": null, "R3": null, "R4": null, "R5": null, "R6": null}}, {"model": "pnl.ejercicio", "pk": 86, "fields": {"IdUsuario": 7, "IdSubtema": 1, "IdTem": 1, "Nombre": "E1-K-2", "Tipo": "K", "Evaluacion": 100.0, "Fecha": "2020-01-26T02:08:16.191Z", "R1": null, "R2": null, "R3": null, "R4": null, "R5": null, "R6": null}}, {"model": "pnl.ejercicio", "pk": 87, "fields": {"IdUsuario": 12, "IdSubtema": 1, "IdTem": 1, "Nombre": "E1-V-1", "Tipo": "V", "Evaluacion": 80.0, "Fecha": "2020-01-26T06:23:32.304Z", "R1": "B", "R2": "C", "R3": "A", "R4": "B", "R5": "B", "R6": "-"}}, {"model": "pnl.ejercicio", "pk": 88, "fields": {"IdUsuario": 12, "IdSubtema": 1, "IdTem": 1, "Nombre": "E1-A-2", "Tipo": "A", "Evaluacion": 100.0, "Fecha": "2020-01-26T22:01:28.554Z", "R1": "B", "R2": "B", "R3": "A", "R4": "B", "R5": "C", "R6": "-"}}, {"model": "pnl.ejercicio", "pk": 89, "fields": {"IdUsuario": 12, "IdSubtema": 1, "IdTem": 1, "Nombre": "E1-K-2", "Tipo": "K", "Evaluacion": 100.0, "Fecha": "2020-01-26T22:03:08.479Z", "R1": null, "R2": null, "R3": null, "R4": null, "R5": null, "R6": null}}, {"model": "pnl.ejercicio", "pk": 90, "fields": {"IdUsuario": 12, "IdSubtema": 1, "IdTem": 1, "Nombre": "E1-K-3", "Tipo": "K", "Evaluacion": 100.0, "Fecha": "2020-01-26T22:09:45.515Z", "R1": null, "R2": null, "R3": null, "R4": null, "R5": null, "R6": null}}, {"model": "pnl.ejercicio", "pk": 91, "fields": {"IdUsuario": 12, "IdSubtema": 1, "IdTem": 1, "Nombre": "E1-K-1", "Tipo": "K", "Evaluacion": 100.0, "Fecha": "2020-01-26T22:10:55.983Z", "R1": null, "R2": null, "R3": null, "R4": null, "R5": null, "R6": null}}, {"model": "pnl.ejercicio", "pk": 92, "fields": {"IdUsuario": 16, "IdSubtema": 3, "IdTem": 1, "Nombre": "E1-V-3", "Tipo": "V", "Evaluacion": 83.0, "Fecha": "2020-01-27T00:29:16.179Z", "R1": "A", "R2": "C", "R3": "B", "R4": "C", "R5": "B", "R6": "B"}}, {"model": "pnl.ejercicio", "pk": 93, "fields": {"IdUsuario": 16, "IdSubtema": 1, "IdTem": 1, "Nombre": "E1-A-2", "Tipo": "A", "Evaluacion": 80.0, "Fecha": "2020-01-27T00:32:29.263Z", "R1": "B", "R2": "B", "R3": "A", "R4": "B", "R5": "B", "R6": "-"}}, {"model": "pnl.ejercicio", "pk": 94, "fields": {"IdUsuario": 16, "IdSubtema": 1, "IdTem": 1, "Nombre": "E1-K-1", "Tipo": "K", "Evaluacion": 100.0, "Fecha": "2020-01-27T00:37:51.004Z", "R1": null, "R2": null, "R3": null, "R4": null, "R5": null, "R6": null}}, {"model": "pnl.ejercicio", "pk": 95, "fields": {"IdUsuario": 16, "IdSubtema": 1, "IdTem": 1, "Nombre": "E1-K-2", "Tipo": "K", "Evaluacion": 100.0, "Fecha": "2020-01-27T00:39:30.334Z", "R1": null, "R2": null, "R3": null, "R4": null, "R5": null, "R6": null}}, {"model": "pnl.ejercicio", "pk": 96, "fields": {"IdUsuario": 16, "IdSubtema": 9, "IdTem": 2, "Nombre": "E2-V-3", "Tipo": "V", "Evaluacion": 80.0, "Fecha": "2020-01-27T00:48:38.022Z", "R1": "C", "R2": "B", "R3": "C", "R4": "C", "R5": "B", "R6": "-"}}, {"model": "pnl.ejercicio", "pk": 97, "fields": {"IdUsuario": 16, "IdSubtema": 8, "IdTem": 2, "Nombre": "E2-A-3", "Tipo": "A", "Evaluacion": 83.0, "Fecha": "2020-01-27T00:50:07.239Z", "R1": "A", "R2": "A", "R3": "C", "R4": "B", "R5": "A", "R6": "C"}}, {"model": "pnl.ejercicio", "pk": 98, "fields": {"IdUsuario": 16, "IdSubtema": 1, "IdTem": 2, "Nombre": "E2-K-2", "Tipo": "K", "Evaluacion": 100.0, "Fecha": "2020-01-27T00:55:16.019Z", "R1": null, "R2": null, "R3": null, "R4": null, "R5": null, "R6": null}}, {"model": "pnl.ejercicio", "pk": 99, "fields": {"IdUsuario": 16, "IdSubtema": 1, "IdTem": 2, "Nombre": "E2-K-1", "Tipo": "K", "Evaluacion": 100.0, "Fecha": "2020-01-27T00:55:26.171Z", "R1": null, "R2": null, "R3": null, "R4": null, "R5": null, "R6": null}}, {"model": "pnl.ejercicio", "pk": 100, "fields": {"IdUsuario": 16, "IdSubtema": 11, "IdTem": 3, "Nombre": "E3-V-2", "Tipo": "V", "Evaluacion": 100.0, "Fecha": "2020-01-27T00:57:48.823Z", "R1": "A", "R2": "A", "R3": "C", "R4": "C", "R5": "B", "R6": "-"}}, {"model": "pnl.ejercicio", "pk": 101, "fields": {"IdUsuario": 16, "IdSubtema": 12, "IdTem": 3, "Nombre": "E3-A-3", "Tipo": "A", "Evaluacion": 80.0, "Fecha": "2020-01-27T00:58:48.652Z", "R1": "A", "R2": "C", "R3": "A", "R4": "C", "R5": "C", "R6": "-"}}, {"model": "pnl.ejercicio", "pk": 102, "fields": {"IdUsuario": 16, "IdSubtema": 2, "IdTem": 3, "Nombre": "E3-K-1", "Tipo": "K", "Evaluacion": 100.0, "Fecha": "2020-01-27T00:59:11.436Z", "R1": null, "R2": null, "R3": null, "R4": null, "R5": null, "R6": null}}, {"model": "pnl.ejercicio", "pk": 103, "fields": {"IdUsuario": 7, "IdSubtema": 9, "IdTem": 2, "Nombre": "E2-V-3", "Tipo": "V", "Evaluacion": 80.0, "Fecha": "2020-01-27T01:00:04.603Z", "R1": "A", "R2": "B", "R3": "C", "R4": "C", "R5": "A", "R6": "-"}}, {"model": "pnl.ejercicio", "pk": 104, "fields": {"IdUsuario": 7, "IdSubtema": 6, "IdTem": 2, "Nombre": "E2-V-2", "Tipo": "V", "Evaluacion": 83.0, "Fecha": "2020-01-27T01:02:03.328Z", "R1": "A", "R2": "C", "R3": "B", "R4": "A", "R5": "A", "R6": "B"}}, {"model": "pnl.ejercicio", "pk": 105, "fields": {"IdUsuario": 16, "IdSubtema": 3, "IdTem": 3, "Nombre": "E3-K-3", "Tipo": "K", "Evaluacion": 100.0, "Fecha": "2020-01-27T01:02:17.234Z", "R1": null, "R2": null, "R3": null, "R4": null, "R5": null, "R6": null}}, {"model": "pnl.ejercicio", "pk": 106, "fields": {"IdUsuario": 7, "IdSubtema": 7, "IdTem": 2, "Nombre": "E2-A-2", "Tipo": "A", "Evaluacion": 83.0, "Fecha": "2020-01-27T01:03:37.199Z", "R1": "A", "R2": "A", "R3": "C", "R4": "B", "R5": "A", "R6": "A"}}, {"model": "pnl.ejercicio", "pk": 107, "fields": {"IdUsuario": 7, "IdSubtema": 1, "IdTem": 2, "Nombre": "E2-K-2", "Tipo": "K", "Evaluacion": 100.0, "Fecha": "2020-01-27T01:04:03.901Z", "R1": null, "R2": null, "R3": null, "R4": null, "R5": null, "R6": null}}, {"model": "pnl.ejercicio", "pk": 108, "fields": {"IdUsuario": 7, "IdSubtema": 1, "IdTem": 2, "Nombre": "E2-K-3", "Tipo": "K", "Evaluacion": 100.0, "Fecha": "2020-01-27T01:04:50.920Z", "R1": null, "R2": null, "R3": null, "R4": null, "R5": null, "R6": null}}, {"model": "pnl.ejercicio", "pk": 109, "fields": {"IdUsuario": 7, "IdSubtema": 11, "IdTem": 3, "Nombre": "E3-V-2", "Tipo": "V", "Evaluacion": 80.0, "Fecha": "2020-01-27T01:05:56.185Z", "R1": "A", "R2": "A", "R3": "B", "R4": "C", "R5": "B", "R6": "-"}}, {"model": "pnl.ejercicio", "pk": 110, "fields": {"IdUsuario": 16, "IdSubtema": 3, "IdTem": 3, "Nombre": "E3-K-2", "Tipo": "K", "Evaluacion": 100.0, "Fecha": "2020-01-27T01:06:44.510Z", "R1": null, "R2": null, "R3": null, "R4": null, "R5": null, "R6": null}}, {"model": "pnl.ejercicio", "pk": 111, "fields": {"IdUsuario": 7, "IdSubtema": 10, "IdTem": 3, "Nombre": "E3-V-1", "Tipo": "V", "Evaluacion": 83.0, "Fecha": "2020-01-27T01:06:45.021Z", "R1": "C", "R2": "B", "R3": "B", "R4": "C", "R5": "A", "R6": "B"}}, {"model": "pnl.ejercicio", "pk": 112, "fields": {"IdUsuario": 7, "IdSubtema": 12, "IdTem": 3, "Nombre": "E3-A-3", "Tipo": "A", "Evaluacion": 80.0, "Fecha": "2020-01-27T01:08:02.063Z", "R1": "A", "R2": "A", "R3": "A", "R4": "B", "R5": "C", "R6": "-"}}, {"model": "pnl.ejercicio", "pk": 113, "fields": {"IdUsuario": 7, "IdSubtema": 3, "IdTem": 3, "Nombre": "E3-K-3", "Tipo": "K", "Evaluacion": 100.0, "Fecha": "2020-01-27T01:08:24.599Z", "R1": null, "R2": null, "R3": null, "R4": null, "R5": null, "R6": null}}, {"model": "pnl.ejercicio", "pk": 114, "fields": {"IdUsuario": 7, "IdSubtema": 3, "IdTem": 3, "Nombre": "E3-K-2", "Tipo": "K", "Evaluacion": 100.0, "Fecha": "2020-01-27T01:08:43.970Z", "R1": null, "R2": null, "R3": null, "R4": null, "R5": null, "R6": null}}, {"model": "pnl.ejercicio", "pk": 115, "fields": {"IdUsuario": 7, "IdSubtema": 16, "IdTem": 4, "Nombre": "E4-V-3", "Tipo": "V", "Evaluacion": 80.0, "Fecha": "2020-01-27T01:09:48.838Z", "R1": "A", "R2": "A", "R3": "C", "R4": "A", "R5": "A", "R6": "-"}}, {"model": "pnl.ejercicio", "pk": 116, "fields": {"IdUsuario": 7, "IdSubtema": 13, "IdTem": 4, "Nombre": "E4-V-1", "Tipo": "V", "Evaluacion": 80.0, "Fecha": "2020-01-27T01:10:39.771Z", "R1": "A", "R2": "A", "R3": "C", "R4": "B", "R5": "C", "R6": "-"}}, {"model": "pnl.ejercicio", "pk": 117, "fields": {"IdUsuario": 7, "IdSubtema": 13, "IdTem": 4, "Nombre": "E4-A-1", "Tipo": "A", "Evaluacion": 80.0, "Fecha": "2020-01-27T01:11:22.534Z", "R1": "A", "R2": "A", "R3": "B", "R4": "C", "R5": "C", "R6": "-"}}, {"model": "pnl.ejercicio", "pk": 118, "fields": {"IdUsuario": 7, "IdSubtema": 1, "IdTem": 4, "Nombre": "E4-K-2", "Tipo": "K", "Evaluacion": 100.0, "Fecha": "2020-01-27T01:15:53.042Z", "R1": null, "R2": null, "R3": null, "R4": null, "R5": null, "R6": null}}, {"model": "pnl.ejercicio", "pk": 119, "fields": {"IdUsuario": 7, "IdSubtema": 2, "IdTem": 4, "Nombre": "E4-K-3", "Tipo": "K", "Evaluacion": 100.0, "Fecha": "2020-01-27T01:16:19.123Z", "R1": null, "R2": null, "R3": null, "R4": null, "R5": null, "R6": null}}, {"model": "pnl.ejercicio", "pk": 120, "fields": {"IdUsuario": 7, "IdSubtema": 17, "IdTem": 5, "Nombre": "E5-V-1", "Tipo": "V", "Evaluacion": 80.0, "Fecha": "2020-01-27T01:18:02.425Z", "R1": "A", "R2": "A", "R3": "C", "R4": "C", "R5": "A", "R6": "-"}}, {"model": "pnl.ejercicio", "pk": 121, "fields": {"IdUsuario": 7, "IdSubtema": 18, "IdTem": 5, "Nombre": "E5-V-2", "Tipo": "V", "Evaluacion": 80.0, "Fecha": "2020-01-27T01:18:57.435Z", "R1": "A", "R2": "A", "R3": "B", "R4": "A", "R5": "C", "R6": "-"}}, {"model": "pnl.ejercicio", "pk": 122, "fields": {"IdUsuario": 7, "IdSubtema": 19, "IdTem": 5, "Nombre": "E5-A-3", "Tipo": "A", "Evaluacion": 80.0, "Fecha": "2020-01-27T01:19:41.469Z", "R1": "A", "R2": "A", "R3": "C", "R4": "C", "R5": "A", "R6": "-"}}, {"model": "pnl.ejercicio", "pk": 123, "fields": {"IdUsuario": 7, "IdSubtema": 1, "IdTem": 5, "Nombre": "E5-K-4", "Tipo": "K", "Evaluacion": 100.0, "Fecha": "2020-01-27T01:20:15.506Z", "R1": null, "R2": null, "R3": null, "R4": null, "R5": null, "R6": null}}, {"model": "pnl.ejercicio", "pk": 124, "fields": {"IdUsuario": 7, "IdSubtema": 2, "IdTem": 5, "Nombre": "E5-K-2", "Tipo": "K", "Evaluacion": 100.0, "Fecha": "2020-01-27T01:20:35.209Z", "R1": null, "R2": null, "R3": null, "R4": null, "R5": null, "R6": null}}, {"model": "pnl.ejercicio", "pk": 125, "fields": {"IdUsuario": 8, "IdSubtema": 1, "IdTem": 1, "Nombre": "E1-V-2", "Tipo": "V", "Evaluacion": 80.0, "Fecha": "2020-01-27T01:36:52.318Z", "R1": "C", "R2": "A", "R3": "B", "R4": "C", "R5": "C", "R6": "-"}}, {"model": "pnl.ejercicio", "pk": 126, "fields": {"IdUsuario": 8, "IdSubtema": 1, "IdTem": 1, "Nombre": "E1-V-1", "Tipo": "V", "Evaluacion": 80.0, "Fecha": "2020-01-27T01:41:33.850Z", "R1": "B", "R2": "C", "R3": "C", "R4": "A", "R5": "B", "R6": "-"}}, {"model": "pnl.ejercicio", "pk": 127, "fields": {"IdUsuario": 8, "IdSubtema": 1, "IdTem": 1, "Nombre": "E1-A-2", "Tipo": "A", "Evaluacion": 80.0, "Fecha": "2020-01-27T01:44:00.796Z", "R1": "B", "R2": "B", "R3": "B", "R4": "B", "R5": "C", "R6": "-"}}, {"model": "pnl.ejercicio", "pk": 128, "fields": {"IdUsuario": 8, "IdSubtema": 1, "IdTem": 1, "Nombre": "E1-K-3", "Tipo": "K", "Evaluacion": 100.0, "Fecha": "2020-01-27T01:47:33.248Z", "R1": null, "R2": null, "R3": null, "R4": null, "R5": null, "R6": null}}, {"model": "pnl.ejercicio", "pk": 129, "fields": {"IdUsuario": 8, "IdSubtema": 1, "IdTem": 1, "Nombre": "E1-K-2", "Tipo": "K", "Evaluacion": 100.0, "Fecha": "2020-01-27T01:47:52.821Z", "R1": null, "R2": null, "R3": null, "R4": null, "R5": null, "R6": null}}, {"model": "pnl.ejercicio", "pk": 130, "fields": {"IdUsuario": 8, "IdSubtema": 6, "IdTem": 2, "Nombre": "E2-V-2", "Tipo": "V", "Evaluacion": 100.0, "Fecha": "2020-01-27T01:48:57.512Z", "R1": "A", "R2": "C", "R3": "B", "R4": "B", "R5": "A", "R6": "B"}}, {"model": "pnl.ejercicio", "pk": 131, "fields": {"IdUsuario": 8, "IdSubtema": 9, "IdTem": 2, "Nombre": "E2-V-3", "Tipo": "V", "Evaluacion": 80.0, "Fecha": "2020-01-27T01:49:59.109Z", "R1": "A", "R2": "B", "R3": "C", "R4": "C", "R5": "A", "R6": "-"}}, {"model": "pnl.ejercicio", "pk": 132, "fields": {"IdUsuario": 8, "IdSubtema": 7, "IdTem": 2, "Nombre": "E2-A-2", "Tipo": "A", "Evaluacion": 83.0, "Fecha": "2020-01-27T01:50:54.256Z", "R1": "A", "R2": "A", "R3": "C", "R4": "B", "R5": "A", "R6": "A"}}, {"model": "pnl.ejercicio", "pk": 133, "fields": {"IdUsuario": 8, "IdSubtema": 1, "IdTem": 2, "Nombre": "E2-K-1", "Tipo": "K", "Evaluacion": 100.0, "Fecha": "2020-01-27T01:51:04.724Z", "R1": null, "R2": null, "R3": null, "R4": null, "R5": null, "R6": null}}, {"model": "pnl.ejercicio", "pk": 134, "fields": {"IdUsuario": 8, "IdSubtema": 1, "IdTem": 2, "Nombre": "E2-K-2", "Tipo": "K", "Evaluacion": 100.0, "Fecha": "2020-01-27T01:51:16.810Z", "R1": null, "R2": null, "R3": null, "R4": null, "R5": null, "R6": null}}, {"model": "pnl.ejercicio", "pk": 135, "fields": {"IdUsuario": 8, "IdSubtema": 11, "IdTem": 3, "Nombre": "E3-V-2", "Tipo": "V", "Evaluacion": 80.0, "Fecha": "2020-01-27T01:52:27.815Z", "R1": "A", "R2": "A", "R3": "C", "R4": "C", "R5": "A", "R6": "-"}}, {"model": "pnl.ejercicio", "pk": 136, "fields": {"IdUsuario": 8, "IdSubtema": 12, "IdTem": 3, "Nombre": "E3-V-3", "Tipo": "V", "Evaluacion": 80.0, "Fecha": "2020-01-27T01:53:11.934Z", "R1": "A", "R2": "C", "R3": "A", "R4": "A", "R5": "C", "R6": "-"}}, {"model": "pnl.ejercicio", "pk": 137, "fields": {"IdUsuario": 8, "IdSubtema": 10, "IdTem": 3, "Nombre": "E3-A-1", "Tipo": "A", "Evaluacion": 80.0, "Fecha": "2020-01-27T01:53:55.811Z", "R1": "C", "R2": "C", "R3": "B", "R4": "B", "R5": "C", "R6": "-"}}, {"model": "pnl.ejercicio", "pk": 138, "fields": {"IdUsuario": 8, "IdSubtema": 3, "IdTem": 3, "Nombre": "E3-K-3", "Tipo": "K", "Evaluacion": 100.0, "Fecha": "2020-01-27T01:54:25.098Z", "R1": null, "R2": null, "R3": null, "R4": null, "R5": null, "R6": null}}, {"model": "pnl.ejercicio", "pk": 139, "fields": {"IdUsuario": 8, "IdSubtema": 3, "IdTem": 3, "Nombre": "E3-K-2", "Tipo": "K", "Evaluacion": 100.0, "Fecha": "2020-01-27T01:54:57.930Z", "R1": null, "R2": null, "R3": null, "R4": null, "R5": null, "R6": null}}, {"model": "pnl.ejercicio", "pk": 140, "fields": {"IdUsuario": 8, "IdSubtema": 13, "IdTem": 4, "Nombre": "E4-V-1", "Tipo": "V", "Evaluacion": 80.0, "Fecha": "2020-01-27T01:58:29.041Z", "R1": "B", "R2": "B", "R3": "C", "R4": "B", "R5": "C", "R6": "-"}}, {"model": "pnl.ejercicio", "pk": 141, "fields": {"IdUsuario": 8, "IdSubtema": 16, "IdTem": 4, "Nombre": "E4-V-3", "Tipo": "V", "Evaluacion": 80.0, "Fecha": "2020-01-27T02:01:21.604Z", "R1": "A", "R2": "A", "R3": "C", "R4": "A", "R5": "A", "R6": "-"}}, {"model": "pnl.ejercicio", "pk": 142, "fields": {"IdUsuario": 8, "IdSubtema": 13, "IdTem": 4, "Nombre": "E4-A-1", "Tipo": "A", "Evaluacion": 80.0, "Fecha": "2020-01-27T02:01:52.185Z", "R1": "A", "R2": "A", "R3": "B", "R4": "C", "R5": "C", "R6": "-"}}, {"model": "pnl.ejercicio", "pk": 143, "fields": {"IdUsuario": 8, "IdSubtema": 2, "IdTem": 4, "Nombre": "E4-K-3", "Tipo": "K", "Evaluacion": 100.0, "Fecha": "2020-01-27T02:02:06.762Z", "R1": null, "R2": null, "R3": null, "R4": null, "R5": null, "R6": null}}, {"model": "pnl.ejercicio", "pk": 144, "fields": {"IdUsuario": 8, "IdSubtema": 1, "IdTem": 4, "Nombre": "E4-K-2", "Tipo": "K", "Evaluacion": 100.0, "Fecha": "2020-01-27T02:02:49.925Z", "R1": null, "R2": null, "R3": null, "R4": null, "R5": null, "R6": null}}, {"model": "pnl.ejercicio", "pk": 145, "fields": {"IdUsuario": 8, "IdSubtema": 18, "IdTem": 5, "Nombre": "E5-V-2", "Tipo": "V", "Evaluacion": 80.0, "Fecha": "2020-01-27T02:03:59.958Z", "R1": "B", "R2": "A", "R3": "A", "R4": "A", "R5": "C", "R6": "-"}}, {"model": "pnl.ejercicio", "pk": 146, "fields": {"IdUsuario": 8, "IdSubtema": 17, "IdTem": 5, "Nombre": "E5-V-1", "Tipo": "V", "Evaluacion": 80.0, "Fecha": "2020-01-27T02:04:45.805Z", "R1": "A", "R2": "B", "R3": "A", "R4": "C", "R5": "A", "R6": "-"}}, {"model": "pnl.ejercicio", "pk": 147, "fields": {"IdUsuario": 8, "IdSubtema": 18, "IdTem": 5, "Nombre": "E5-A-2", "Tipo": "A", "Evaluacion": 80.0, "Fecha": "2020-01-27T02:05:59.519Z", "R1": "B", "R2": "B", "R3": "B", "R4": "C", "R5": "C", "R6": "-"}}, {"model": "pnl.ejercicio", "pk": 148, "fields": {"IdUsuario": 8, "IdSubtema": 2, "IdTem": 5, "Nombre": "E5-K-2", "Tipo": "K", "Evaluacion": 100.0, "Fecha": "2020-01-27T02:06:29.735Z", "R1": null, "R2": null, "R3": null, "R4": null, "R5": null, "R6": null}}, {"model": "pnl.ejercicio", "pk": 149, "fields": {"IdUsuario": 8, "IdSubtema": 1, "IdTem": 5, "Nombre": "E5-K-4", "Tipo": "K", "Evaluacion": 100.0, "Fecha": "2020-01-27T02:06:42.920Z", "R1": null, "R2": null, "R3": null, "R4": null, "R5": null, "R6": null}}, {"model": "pnl.ejercicio", "pk": 150, "fields": {"IdUsuario": 18, "IdSubtema": 1, "IdTem": 1, "Nombre": "E1-V-2", "Tipo": "V", "Evaluacion": 100.0, "Fecha": "2020-01-27T02:09:32.284Z", "R1": "C", "R2": "A", "R3": "B", "R4": "B", "R5": "C", "R6": "-"}}, {"model": "pnl.ejercicio", "pk": 151, "fields": {"IdUsuario": 18, "IdSubtema": 1, "IdTem": 1, "Nombre": "E1-V-1", "Tipo": "V", "Evaluacion": 100.0, "Fecha": "2020-01-27T02:10:17.079Z", "R1": "B", "R2": "C", "R3": "A", "R4": "A", "R5": "B", "R6": "-"}}, {"model": "pnl.ejercicio", "pk": 152, "fields": {"IdUsuario": 18, "IdSubtema": 1, "IdTem": 1, "Nombre": "E1-A-2", "Tipo": "A", "Evaluacion": 100.0, "Fecha": "2020-01-27T02:11:19.644Z", "R1": "B", "R2": "B", "R3": "A", "R4": "B", "R5": "C", "R6": "-"}}, {"model": "pnl.ejercicio", "pk": 153, "fields": {"IdUsuario": 18, "IdSubtema": 1, "IdTem": 1, "Nombre": "E1-K-2", "Tipo": "K", "Evaluacion": 100.0, "Fecha": "2020-01-27T02:11:58.830Z", "R1": null, "R2": null, "R3": null, "R4": null, "R5": null, "R6": null}}, {"model": "pnl.ejercicio", "pk": 154, "fields": {"IdUsuario": 17, "IdSubtema": 1, "IdTem": 1, "Nombre": "E1-V-1", "Tipo": "V", "Evaluacion": 100.0, "Fecha": "2020-01-27T02:13:21.110Z", "R1": "B", "R2": "C", "R3": "A", "R4": "A", "R5": "B", "R6": "-"}}, {"model": "pnl.ejercicio", "pk": 155, "fields": {"IdUsuario": 10, "IdSubtema": 3, "IdTem": 1, "Nombre": "E1-V-3", "Tipo": "V", "Evaluacion": 83.0, "Fecha": "2020-01-27T02:13:26.281Z", "R1": "A", "R2": "C", "R3": "A", "R4": "C", "R5": "B", "R6": "A"}}, {"model": "pnl.ejercicio", "pk": 156, "fields": {"IdUsuario": 17, "IdSubtema": 1, "IdTem": 1, "Nombre": "E1-V-2", "Tipo": "V", "Evaluacion": 80.0, "Fecha": "2020-01-27T02:13:50.307Z", "R1": "C", "R2": "A", "R3": "B", "R4": "B", "R5": "B", "R6": "-"}}, {"model": "pnl.ejercicio", "pk": 157, "fields": {"IdUsuario": 10, "IdSubtema": 1, "IdTem": 1, "Nombre": "E1-V-2", "Tipo": "V", "Evaluacion": 80.0, "Fecha": "2020-01-27T02:14:23.330Z", "R1": "A", "R2": "A", "R3": "B", "R4": "B", "R5": "C", "R6": "-"}}, {"model": "pnl.ejercicio", "pk": 158, "fields": {"IdUsuario": 17, "IdSubtema": 4, "IdTem": 1, "Nombre": "E1-A-1", "Tipo": "A", "Evaluacion": 83.0, "Fecha": "2020-01-27T02:15:02.150Z", "R1": "B", "R2": "C", "R3": "A", "R4": "B", "R5": "A", "R6": "A"}}, {"model": "pnl.ejercicio", "pk": 159, "fields": {"IdUsuario": 17, "IdSubtema": 1, "IdTem": 1, "Nombre": "E1-K-2", "Tipo": "K", "Evaluacion": 100.0, "Fecha": "2020-01-27T02:15:45.061Z", "R1": null, "R2": null, "R3": null, "R4": null, "R5": null, "R6": null}}, {"model": "pnl.ejercicio", "pk": 160, "fields": {"IdUsuario": 17, "IdSubtema": 1, "IdTem": 1, "Nombre": "E1-K-1", "Tipo": "K", "Evaluacion": 100.0, "Fecha": "2020-01-27T02:16:14.498Z", "R1": null, "R2": null, "R3": null, "R4": null, "R5": null, "R6": null}}, {"model": "pnl.ejercicio", "pk": 161, "fields": {"IdUsuario": 17, "IdSubtema": 9, "IdTem": 2, "Nombre": "E2-V-3", "Tipo": "V", "Evaluacion": 80.0, "Fecha": "2020-01-27T02:17:08.829Z", "R1": "B", "R2": "B", "R3": "C", "R4": "C", "R5": "A", "R6": "-"}}, {"model": "pnl.ejercicio", "pk": 162, "fields": {"IdUsuario": 17, "IdSubtema": 8, "IdTem": 2, "Nombre": "E2-V-1", "Tipo": "V", "Evaluacion": 83.0, "Fecha": "2020-01-27T02:18:05.652Z", "R1": "B", "R2": "A", "R3": "B", "R4": "A", "R5": "A", "R6": "C"}}, {"model": "pnl.ejercicio", "pk": 163, "fields": {"IdUsuario": 18, "IdSubtema": 1, "IdTem": 1, "Nombre": "E1-K-1", "Tipo": "K", "Evaluacion": 100.0, "Fecha": "2020-01-27T02:18:30.563Z", "R1": null, "R2": null, "R3": null, "R4": null, "R5": null, "R6": null}}, {"model": "pnl.ejercicio", "pk": 164, "fields": {"IdUsuario": 10, "IdSubtema": 1, "IdTem": 1, "Nombre": "E1-A-2", "Tipo": "A", "Evaluacion": 80.0, "Fecha": "2020-01-27T02:19:00.957Z", "R1": "A", "R2": "B", "R3": "A", "R4": "B", "R5": "C", "R6": "-"}}, {"model": "pnl.ejercicio", "pk": 165, "fields": {"IdUsuario": 17, "IdSubtema": 8, "IdTem": 2, "Nombre": "E2-A-3", "Tipo": "A", "Evaluacion": 83.0, "Fecha": "2020-01-27T02:19:01.483Z", "R1": "A", "R2": "A", "R3": "C", "R4": "B", "R5": "A", "R6": "A"}}, {"model": "pnl.ejercicio", "pk": 166, "fields": {"IdUsuario": 17, "IdSubtema": 1, "IdTem": 2, "Nombre": "E2-K-1", "Tipo": "K", "Evaluacion": 100.0, "Fecha": "2020-01-27T02:19:10.431Z", "R1": null, "R2": null, "R3": null, "R4": null, "R5": null, "R6": null}}, {"model": "pnl.ejercicio", "pk": 167, "fields": {"IdUsuario": 17, "IdSubtema": 1, "IdTem": 2, "Nombre": "E2-K-2", "Tipo": "K", "Evaluacion": 100.0, "Fecha": "2020-01-27T02:19:36.159Z", "R1": null, "R2": null, "R3": null, "R4": null, "R5": null, "R6": null}}, {"model": "pnl.ejercicio", "pk": 168, "fields": {"IdUsuario": 18, "IdSubtema": 8, "IdTem": 2, "Nombre": "E2-V-1", "Tipo": "V", "Evaluacion": 83.0, "Fecha": "2020-01-27T02:21:36.762Z", "R1": "B", "R2": "A", "R3": "B", "R4": "A", "R5": "A", "R6": "C"}}, {"model": "pnl.ejercicio", "pk": 169, "fields": {"IdUsuario": 17, "IdSubtema": 12, "IdTem": 3, "Nombre": "E3-V-3", "Tipo": "V", "Evaluacion": 80.0, "Fecha": "2020-01-27T02:21:55.949Z", "R1": "B", "R2": "C", "R3": "A", "R4": "A", "R5": "B", "R6": "-"}}, {"model": "pnl.ejercicio", "pk": 170, "fields": {"IdUsuario": 17, "IdSubtema": 11, "IdTem": 3, "Nombre": "E3-V-2", "Tipo": "V", "Evaluacion": 100.0, "Fecha": "2020-01-27T02:22:28.836Z", "R1": "A", "R2": "A", "R3": "C", "R4": "C", "R5": "B", "R6": "-"}}, {"model": "pnl.ejercicio", "pk": 171, "fields": {"IdUsuario": 10, "IdSubtema": 1, "IdTem": 1, "Nombre": "E1-K-1", "Tipo": "K", "Evaluacion": 100.0, "Fecha": "2020-01-27T02:22:54.208Z", "R1": null, "R2": null, "R3": null, "R4": null, "R5": null, "R6": null}}, {"model": "pnl.ejercicio", "pk": 172, "fields": {"IdUsuario": 17, "IdSubtema": 12, "IdTem": 3, "Nombre": "E3-A-3", "Tipo": "A", "Evaluacion": 80.0, "Fecha": "2020-01-27T02:23:02.171Z", "R1": "A", "R2": "C", "R3": "A", "R4": "B", "R5": "A", "R6": "-"}}, {"model": "pnl.ejercicio", "pk": 173, "fields": {"IdUsuario": 17, "IdSubtema": 2, "IdTem": 3, "Nombre": "E3-K-1", "Tipo": "K", "Evaluacion": 100.0, "Fecha": "2020-01-27T02:23:28.456Z", "R1": null, "R2": null, "R3": null, "R4": null, "R5": null, "R6": null}}, {"model": "pnl.ejercicio", "pk": 174, "fields": {"IdUsuario": 18, "IdSubtema": 6, "IdTem": 2, "Nombre": "E2-V-2", "Tipo": "V", "Evaluacion": 83.0, "Fecha": "2020-01-27T02:23:46.094Z", "R1": "C", "R2": "C", "R3": "B", "R4": "B", "R5": "A", "R6": "B"}}, {"model": "pnl.ejercicio", "pk": 175, "fields": {"IdUsuario": 17, "IdSubtema": 3, "IdTem": 3, "Nombre": "E3-K-3", "Tipo": "K", "Evaluacion": 100.0, "Fecha": "2020-01-27T02:23:54.056Z", "R1": null, "R2": null, "R3": null, "R4": null, "R5": null, "R6": null}}, {"model": "pnl.ejercicio", "pk": 176, "fields": {"IdUsuario": 17, "IdSubtema": 14, "IdTem": 4, "Nombre": "E4-V-2", "Tipo": "V", "Evaluacion": 80.0, "Fecha": "2020-01-27T02:27:08.827Z", "R1": "C", "R2": "A", "R3": "B", "R4": "A", "R5": "C", "R6": "-"}}, {"model": "pnl.ejercicio", "pk": 177, "fields": {"IdUsuario": 18, "IdSubtema": 5, "IdTem": 2, "Nombre": "E2-A-1", "Tipo": "A", "Evaluacion": 83.0, "Fecha": "2020-01-27T02:27:12.097Z", "R1": "A", "R2": "C", "R3": "A", "R4": "A", "R5": "B", "R6": "C"}}, {"model": "pnl.ejercicio", "pk": 178, "fields": {"IdUsuario": 17, "IdSubtema": 13, "IdTem": 4, "Nombre": "E4-V-1", "Tipo": "V", "Evaluacion": 80.0, "Fecha": "2020-01-27T02:27:43.458Z", "R1": "B", "R2": "A", "R3": "C", "R4": "B", "R5": "B", "R6": "-"}}, {"model": "pnl.ejercicio", "pk": 179, "fields": {"IdUsuario": 10, "IdSubtema": 1, "IdTem": 1, "Nombre": "E1-K-3", "Tipo": "K", "Evaluacion": 100.0, "Fecha": "2020-01-27T02:27:54.473Z", "R1": null, "R2": null, "R3": null, "R4": null, "R5": null, "R6": null}}, {"model": "pnl.ejercicio", "pk": 180, "fields": {"IdUsuario": 18, "IdSubtema": 1, "IdTem": 2, "Nombre": "E2-K-3", "Tipo": "K", "Evaluacion": 100.0, "Fecha": "2020-01-27T02:28:03.162Z", "R1": null, "R2": null, "R3": null, "R4": null, "R5": null, "R6": null}}, {"model": "pnl.ejercicio", "pk": 181, "fields": {"IdUsuario": 18, "IdSubtema": 1, "IdTem": 2, "Nombre": "E2-K-2", "Tipo": "K", "Evaluacion": 100.0, "Fecha": "2020-01-27T02:28:40.778Z", "R1": null, "R2": null, "R3": null, "R4": null, "R5": null, "R6": null}}, {"model": "pnl.ejercicio", "pk": 182, "fields": {"IdUsuario": 17, "IdSubtema": 13, "IdTem": 4, "Nombre": "E4-A-1", "Tipo": "A", "Evaluacion": 100.0, "Fecha": "2020-01-27T02:29:24.509Z", "R1": "A", "R2": "B", "R3": "B", "R4": "C", "R5": "C", "R6": "-"}}, {"model": "pnl.ejercicio", "pk": 183, "fields": {"IdUsuario": 17, "IdSubtema": 1, "IdTem": 4, "Nombre": "E4-K-1", "Tipo": "K", "Evaluacion": 100.0, "Fecha": "2020-01-27T02:29:43.694Z", "R1": null, "R2": null, "R3": null, "R4": null, "R5": null, "R6": null}}, {"model": "pnl.ejercicio", "pk": 184, "fields": {"IdUsuario": 18, "IdSubtema": 10, "IdTem": 3, "Nombre": "E3-V-1", "Tipo": "V", "Evaluacion": 83.0, "Fecha": "2020-01-27T02:30:16.256Z", "R1": "A", "R2": "A", "R3": "B", "R4": "C", "R5": "A", "R6": "B"}}, {"model": "pnl.ejercicio", "pk": 185, "fields": {"IdUsuario": 10, "IdSubtema": 6, "IdTem": 2, "Nombre": "E2-V-2", "Tipo": "V", "Evaluacion": 100.0, "Fecha": "2020-01-27T02:30:22.960Z", "R1": "A", "R2": "C", "R3": "B", "R4": "B", "R5": "A", "R6": "B"}}, {"model": "pnl.ejercicio", "pk": 186, "fields": {"IdUsuario": 18, "IdSubtema": 11, "IdTem": 3, "Nombre": "E3-V-2", "Tipo": "V", "Evaluacion": 80.0, "Fecha": "2020-01-27T02:31:03.886Z", "R1": "A", "R2": "A", "R3": "B", "R4": "C", "R5": "B", "R6": "-"}}, {"model": "pnl.ejercicio", "pk": 187, "fields": {"IdUsuario": 17, "IdSubtema": 1, "IdTem": 4, "Nombre": "E4-K-2", "Tipo": "K", "Evaluacion": 100.0, "Fecha": "2020-01-27T02:31:07.243Z", "R1": null, "R2": null, "R3": null, "R4": null, "R5": null, "R6": null}}, {"model": "pnl.ejercicio", "pk": 188, "fields": {"IdUsuario": 10, "IdSubtema": 9, "IdTem": 2, "Nombre": "E2-V-3", "Tipo": "V", "Evaluacion": 80.0, "Fecha": "2020-01-27T02:31:44.958Z", "R1": "C", "R2": "B", "R3": "C", "R4": "B", "R5": "A", "R6": "-"}}, {"model": "pnl.ejercicio", "pk": 189, "fields": {"IdUsuario": 17, "IdSubtema": 19, "IdTem": 5, "Nombre": "E5-V-3", "Tipo": "V", "Evaluacion": 80.0, "Fecha": "2020-01-27T02:31:53.247Z", "R1": "A", "R2": "A", "R3": "C", "R4": "C", "R5": "B", "R6": "-"}}, {"model": "pnl.ejercicio", "pk": 190, "fields": {"IdUsuario": 18, "IdSubtema": 11, "IdTem": 3, "Nombre": "E3-A-2", "Tipo": "A", "Evaluacion": 80.0, "Fecha": "2020-01-27T02:31:55.247Z", "R1": "A", "R2": "C", "R3": "A", "R4": "B", "R5": "A", "R6": "-"}}, {"model": "pnl.ejercicio", "pk": 191, "fields": {"IdUsuario": 17, "IdSubtema": 18, "IdTem": 5, "Nombre": "E5-V-2", "Tipo": "V", "Evaluacion": 100.0, "Fecha": "2020-01-27T02:32:16.720Z", "R1": "B", "R2": "A", "R3": "B", "R4": "A", "R5": "C", "R6": "-"}}, {"model": "pnl.ejercicio", "pk": 192, "fields": {"IdUsuario": 10, "IdSubtema": 7, "IdTem": 2, "Nombre": "E2-A-2", "Tipo": "A", "Evaluacion": 83.0, "Fecha": "2020-01-27T02:32:35.203Z", "R1": "A", "R2": "A", "R3": "C", "R4": "B", "R5": "A", "R6": "A"}}, {"model": "pnl.ejercicio", "pk": 193, "fields": {"IdUsuario": 17, "IdSubtema": 18, "IdTem": 5, "Nombre": "E5-A-2", "Tipo": "A", "Evaluacion": 80.0, "Fecha": "2020-01-27T02:32:36.226Z", "R1": "A", "R2": "B", "R3": "B", "R4": "A", "R5": "C", "R6": "-"}}, {"model": "pnl.ejercicio", "pk": 194, "fields": {"IdUsuario": 18, "IdSubtema": 3, "IdTem": 3, "Nombre": "E3-K-2", "Tipo": "K", "Evaluacion": 100.0, "Fecha": "2020-01-27T02:32:43.982Z", "R1": null, "R2": null, "R3": null, "R4": null, "R5": null, "R6": null}}, {"model": "pnl.ejercicio", "pk": 195, "fields": {"IdUsuario": 10, "IdSubtema": 1, "IdTem": 2, "Nombre": "E2-K-2", "Tipo": "K", "Evaluacion": 100.0, "Fecha": "2020-01-27T02:32:49.600Z", "R1": null, "R2": null, "R3": null, "R4": null, "R5": null, "R6": null}}, {"model": "pnl.ejercicio", "pk": 196, "fields": {"IdUsuario": 10, "IdSubtema": 1, "IdTem": 2, "Nombre": "E2-K-1", "Tipo": "K", "Evaluacion": 100.0, "Fecha": "2020-01-27T02:33:00.474Z", "R1": null, "R2": null, "R3": null, "R4": null, "R5": null, "R6": null}}, {"model": "pnl.ejercicio", "pk": 197, "fields": {"IdUsuario": 18, "IdSubtema": 2, "IdTem": 3, "Nombre": "E3-K-1", "Tipo": "K", "Evaluacion": 100.0, "Fecha": "2020-01-27T02:33:02.549Z", "R1": null, "R2": null, "R3": null, "R4": null, "R5": null, "R6": null}}, {"model": "pnl.ejercicio", "pk": 198, "fields": {"IdUsuario": 17, "IdSubtema": 2, "IdTem": 5, "Nombre": "E5-K-1", "Tipo": "K", "Evaluacion": 100.0, "Fecha": "2020-01-27T02:33:53.307Z", "R1": null, "R2": null, "R3": null, "R4": null, "R5": null, "R6": null}}, {"model": "pnl.ejercicio", "pk": 199, "fields": {"IdUsuario": 18, "IdSubtema": 16, "IdTem": 4, "Nombre": "E4-V-3", "Tipo": "V", "Evaluacion": 80.0, "Fecha": "2020-01-27T02:35:39.197Z", "R1": "A", "R2": "B", "R3": "C", "R4": "C", "R5": "A", "R6": "-"}}, {"model": "pnl.ejercicio", "pk": 200, "fields": {"IdUsuario": 10, "IdSubtema": 11, "IdTem": 3, "Nombre": "E3-V-2", "Tipo": "V", "Evaluacion": 100.0, "Fecha": "2020-01-27T02:35:54.429Z", "R1": "A", "R2": "A", "R3": "C", "R4": "C", "R5": "B", "R6": "-"}}, {"model": "pnl.ejercicio", "pk": 201, "fields": {"IdUsuario": 18, "IdSubtema": 14, "IdTem": 4, "Nombre": "E4-V-2", "Tipo": "V", "Evaluacion": 80.0, "Fecha": "2020-01-27T02:36:48.133Z", "R1": "A", "R2": "A", "R3": "B", "R4": "A", "R5": "B", "R6": "-"}}, {"model": "pnl.ejercicio", "pk": 202, "fields": {"IdUsuario": 10, "IdSubtema": 12, "IdTem": 3, "Nombre": "E3-V-3", "Tipo": "V", "Evaluacion": 80.0, "Fecha": "2020-01-27T02:36:58.296Z", "R1": "A", "R2": "C", "R3": "A", "R4": "A", "R5": "C", "R6": "-"}}, {"model": "pnl.ejercicio", "pk": 203, "fields": {"IdUsuario": 18, "IdSubtema": 13, "IdTem": 4, "Nombre": "E4-A-1", "Tipo": "A", "Evaluacion": 80.0, "Fecha": "2020-01-27T02:37:21.303Z", "R1": "A", "R2": "A", "R3": "B", "R4": "C", "R5": "C", "R6": "-"}}, {"model": "pnl.ejercicio", "pk": 204, "fields": {"IdUsuario": 18, "IdSubtema": 2, "IdTem": 4, "Nombre": "E4-K-3", "Tipo": "K", "Evaluacion": 100.0, "Fecha": "2020-01-27T02:37:38.129Z", "R1": null, "R2": null, "R3": null, "R4": null, "R5": null, "R6": null}}, {"model": "pnl.ejercicio", "pk": 205, "fields": {"IdUsuario": 10, "IdSubtema": 10, "IdTem": 3, "Nombre": "E3-A-1", "Tipo": "A", "Evaluacion": 80.0, "Fecha": "2020-01-27T02:38:04.799Z", "R1": "C", "R2": "C", "R3": "B", "R4": "B", "R5": "C", "R6": "-"}}, {"model": "pnl.ejercicio", "pk": 206, "fields": {"IdUsuario": 17, "IdSubtema": 2, "IdTem": 5, "Nombre": "E5-K-2", "Tipo": "K", "Evaluacion": 100.0, "Fecha": "2020-01-27T02:39:13.037Z", "R1": null, "R2": null, "R3": null, "R4": null, "R5": null, "R6": null}}, {"model": "pnl.ejercicio", "pk": 207, "fields": {"IdUsuario": 10, "IdSubtema": 3, "IdTem": 3, "Nombre": "E3-K-3", "Tipo": "K", "Evaluacion": 100.0, "Fecha": "2020-01-27T02:39:41.750Z", "R1": null, "R2": null, "R3": null, "R4": null, "R5": null, "R6": null}}, {"model": "pnl.ejercicio", "pk": 208, "fields": {"IdUsuario": 10, "IdSubtema": 3, "IdTem": 3, "Nombre": "E3-K-2", "Tipo": "K", "Evaluacion": 100.0, "Fecha": "2020-01-27T02:39:55.216Z", "R1": null, "R2": null, "R3": null, "R4": null, "R5": null, "R6": null}}, {"model": "pnl.ejercicio", "pk": 209, "fields": {"IdUsuario": 18, "IdSubtema": 1, "IdTem": 4, "Nombre": "E4-K-2", "Tipo": "K", "Evaluacion": 100.0, "Fecha": "2020-01-27T02:41:44.194Z", "R1": null, "R2": null, "R3": null, "R4": null, "R5": null, "R6": null}}, {"model": "pnl.ejercicio", "pk": 210, "fields": {"IdUsuario": 10, "IdSubtema": 13, "IdTem": 4, "Nombre": "E4-V-1", "Tipo": "V", "Evaluacion": 80.0, "Fecha": "2020-01-27T02:44:10.988Z", "R1": "B", "R2": "B", "R3": "C", "R4": "B", "R5": "C", "R6": "-"}}, {"model": "pnl.ejercicio", "pk": 211, "fields": {"IdUsuario": 10, "IdSubtema": 14, "IdTem": 4, "Nombre": "E4-V-2", "Tipo": "V", "Evaluacion": 80.0, "Fecha": "2020-01-27T02:45:11.123Z", "R1": "C", "R2": "A", "R3": "B", "R4": "C", "R5": "B", "R6": "-"}}, {"model": "pnl.ejercicio", "pk": 212, "fields": {"IdUsuario": 10, "IdSubtema": 15, "IdTem": 4, "Nombre": "E4-A-2", "Tipo": "A", "Evaluacion": 80.0, "Fecha": "2020-01-27T02:45:50.121Z", "R1": "A", "R2": "A", "R3": "A", "R4": "C", "R5": "A", "R6": "-"}}, {"model": "pnl.ejercicio", "pk": 213, "fields": {"IdUsuario": 10, "IdSubtema": 1, "IdTem": 4, "Nombre": "E4-K-2", "Tipo": "K", "Evaluacion": 100.0, "Fecha": "2020-01-27T02:46:40.312Z", "R1": null, "R2": null, "R3": null, "R4": null, "R5": null, "R6": null}}, {"model": "pnl.ejercicio", "pk": 214, "fields": {"IdUsuario": 10, "IdSubtema": 1, "IdTem": 4, "Nombre": "E4-K-1", "Tipo": "K", "Evaluacion": 100.0, "Fecha": "2020-01-27T02:46:54.229Z", "R1": null, "R2": null, "R3": null, "R4": null, "R5": null, "R6": null}}, {"model": "pnl.ejercicio", "pk": 215, "fields": {"IdUsuario": 18, "IdSubtema": 17, "IdTem": 5, "Nombre": "E5-V-1", "Tipo": "V", "Evaluacion": 80.0, "Fecha": "2020-01-27T02:47:17.384Z", "R1": "C", "R2": "B", "R3": "C", "R4": "C", "R5": "A", "R6": "-"}}, {"model": "pnl.ejercicio", "pk": 216, "fields": {"IdUsuario": 18, "IdSubtema": 19, "IdTem": 5, "Nombre": "E5-V-3", "Tipo": "V", "Evaluacion": 80.0, "Fecha": "2020-01-27T02:48:11.756Z", "R1": "A", "R2": "A", "R3": "B", "R4": "C", "R5": "A", "R6": "-"}}, {"model": "pnl.ejercicio", "pk": 217, "fields": {"IdUsuario": 18, "IdSubtema": 19, "IdTem": 5, "Nombre": "E5-A-3", "Tipo": "A", "Evaluacion": 80.0, "Fecha": "2020-01-27T02:49:12.501Z", "R1": "B", "R2": "B", "R3": "C", "R4": "C", "R5": "A", "R6": "-"}}, {"model": "pnl.ejercicio", "pk": 218, "fields": {"IdUsuario": 10, "IdSubtema": 18, "IdTem": 5, "Nombre": "E5-V-2", "Tipo": "V", "Evaluacion": 80.0, "Fecha": "2020-01-27T02:49:14.246Z", "R1": "A", "R2": "A", "R3": "B", "R4": "A", "R5": "C", "R6": "-"}}, {"model": "pnl.ejercicio", "pk": 219, "fields": {"IdUsuario": 10, "IdSubtema": 19, "IdTem": 5, "Nombre": "E5-V-3", "Tipo": "V", "Evaluacion": 80.0, "Fecha": "2020-01-27T02:49:36.756Z", "R1": "A", "R2": "A", "R3": "A", "R4": "C", "R5": "A", "R6": "-"}}, {"model": "pnl.ejercicio", "pk": 220, "fields": {"IdUsuario": 18, "IdSubtema": 2, "IdTem": 5, "Nombre": "E5-K-2", "Tipo": "K", "Evaluacion": 100.0, "Fecha": "2020-01-27T02:50:14.902Z", "R1": null, "R2": null, "R3": null, "R4": null, "R5": null, "R6": null}}, {"model": "pnl.ejercicio", "pk": 221, "fields": {"IdUsuario": 10, "IdSubtema": 19, "IdTem": 5, "Nombre": "E5-A-3", "Tipo": "A", "Evaluacion": 80.0, "Fecha": "2020-01-27T02:50:43.939Z", "R1": "B", "R2": "A", "R3": "A", "R4": "C", "R5": "A", "R6": "-"}}, {"model": "pnl.ejercicio", "pk": 222, "fields": {"IdUsuario": 10, "IdSubtema": 2, "IdTem": 5, "Nombre": "E5-K-2", "Tipo": "K", "Evaluacion": 100.0, "Fecha": "2020-01-27T02:50:50.514Z", "R1": null, "R2": null, "R3": null, "R4": null, "R5": null, "R6": null}}, {"model": "pnl.ejercicio", "pk": 223, "fields": {"IdUsuario": 10, "IdSubtema": 1, "IdTem": 5, "Nombre": "E5-K-4", "Tipo": "K", "Evaluacion": 100.0, "Fecha": "2020-01-27T02:51:04.331Z", "R1": null, "R2": null, "R3": null, "R4": null, "R5": null, "R6": null}}, {"model": "pnl.ejercicio", "pk": 224, "fields": {"IdUsuario": 18, "IdSubtema": 2, "IdTem": 5, "Nombre": "E5-K-1", "Tipo": "K", "Evaluacion": 100.0, "Fecha": "2020-01-27T02:51:44.124Z", "R1": null, "R2": null, "R3": null, "R4": null, "R5": null, "R6": null}}, {"model": "pnl.ejercicio", "pk": 225, "fields": {"IdUsuario": 12, "IdSubtema": 6, "IdTem": 2, "Nombre": "E2-V-2", "Tipo": "V", "Evaluacion": 83.0, "Fecha": "2020-01-27T03:01:14.836Z", "R1": "A", "R2": "C", "R3": "B", "R4": "B", "R5": "A", "R6": "C"}}, {"model": "pnl.ejercicio", "pk": 226, "fields": {"IdUsuario": 11, "IdSubtema": 3, "IdTem": 1, "Nombre": "E1-V-3", "Tipo": "V", "Evaluacion": 83.0, "Fecha": "2020-01-27T03:02:11.749Z", "R1": "A", "R2": "A", "R3": "B", "R4": "C", "R5": "B", "R6": "A"}}, {"model": "pnl.ejercicio", "pk": 227, "fields": {"IdUsuario": 11, "IdSubtema": 1, "IdTem": 1, "Nombre": "E1-V-1", "Tipo": "V", "Evaluacion": 80.0, "Fecha": "2020-01-27T03:02:35.859Z", "R1": "B", "R2": "C", "R3": "C", "R4": "A", "R5": "B", "R6": "-"}}, {"model": "pnl.ejercicio", "pk": 228, "fields": {"IdUsuario": 11, "IdSubtema": 1, "IdTem": 1, "Nombre": "E1-A-2", "Tipo": "A", "Evaluacion": 80.0, "Fecha": "2020-01-27T03:03:26.851Z", "R1": "C", "R2": "B", "R3": "A", "R4": "B", "R5": "C", "R6": "-"}}, {"model": "pnl.ejercicio", "pk": 229, "fields": {"IdUsuario": 12, "IdSubtema": 5, "IdTem": 2, "Nombre": "E2-A-1", "Tipo": "A", "Evaluacion": 100.0, "Fecha": "2020-01-27T03:04:21.159Z", "R1": "A", "R2": "C", "R3": "A", "R4": "B", "R5": "B", "R6": "C"}}, {"model": "pnl.ejercicio", "pk": 230, "fields": {"IdUsuario": 19, "IdSubtema": 1, "IdTem": 1, "Nombre": "E1-V-1", "Tipo": "V", "Evaluacion": 100.0, "Fecha": "2020-01-27T03:05:33.367Z", "R1": "B", "R2": "C", "R3": "A", "R4": "A", "R5": "B", "R6": "-"}}, {"model": "pnl.ejercicio", "pk": 231, "fields": {"IdUsuario": 19, "IdSubtema": 1, "IdTem": 1, "Nombre": "E1-V-2", "Tipo": "V", "Evaluacion": 80.0, "Fecha": "2020-01-27T03:06:00.843Z", "R1": "C", "R2": "A", "R3": "B", "R4": "B", "R5": "B", "R6": "-"}}, {"model": "pnl.ejercicio", "pk": 232, "fields": {"IdUsuario": 19, "IdSubtema": 4, "IdTem": 1, "Nombre": "E1-A-1", "Tipo": "A", "Evaluacion": 83.0, "Fecha": "2020-01-27T03:07:14.821Z", "R1": "A", "R2": "C", "R3": "A", "R4": "B", "R5": "A", "R6": "B"}}, {"model": "pnl.ejercicio", "pk": 233, "fields": {"IdUsuario": 19, "IdSubtema": 1, "IdTem": 1, "Nombre": "E1-K-3", "Tipo": "K", "Evaluacion": 100.0, "Fecha": "2020-01-27T03:08:22.174Z", "R1": null, "R2": null, "R3": null, "R4": null, "R5": null, "R6": null}}, {"model": "pnl.ejercicio", "pk": 234, "fields": {"IdUsuario": 11, "IdSubtema": 1, "IdTem": 1, "Nombre": "E1-K-1", "Tipo": "K", "Evaluacion": 100.0, "Fecha": "2020-01-27T03:08:27.430Z", "R1": null, "R2": null, "R3": null, "R4": null, "R5": null, "R6": null}}, {"model": "pnl.ejercicio", "pk": 235, "fields": {"IdUsuario": 12, "IdSubtema": 1, "IdTem": 2, "Nombre": "E2-K-1", "Tipo": "K", "Evaluacion": 100.0, "Fecha": "2020-01-27T03:08:41.213Z", "R1": null, "R2": null, "R3": null, "R4": null, "R5": null, "R6": null}}, {"model": "pnl.ejercicio", "pk": 236, "fields": {"IdUsuario": 11, "IdSubtema": 1, "IdTem": 1, "Nombre": "E1-K-3", "Tipo": "K", "Evaluacion": 100.0, "Fecha": "2020-01-27T03:09:34.599Z", "R1": null, "R2": null, "R3": null, "R4": null, "R5": null, "R6": null}}, {"model": "pnl.ejercicio", "pk": 237, "fields": {"IdUsuario": 20, "IdSubtema": 1, "IdTem": 1, "Nombre": "E1-V-2", "Tipo": "V", "Evaluacion": 80.0, "Fecha": "2020-01-27T03:09:37.799Z", "R1": "C", "R2": "A", "R3": "B", "R4": "B", "R5": "B", "R6": "-"}}, {"model": "pnl.ejercicio", "pk": 238, "fields": {"IdUsuario": 20, "IdSubtema": 1, "IdTem": 1, "Nombre": "E1-V-1", "Tipo": "V", "Evaluacion": 80.0, "Fecha": "2020-01-27T03:10:12.624Z", "R1": "B", "R2": "C", "R3": "A", "R4": "A", "R5": "A", "R6": "-"}}, {"model": "pnl.ejercicio", "pk": 239, "fields": {"IdUsuario": 11, "IdSubtema": 8, "IdTem": 2, "Nombre": "E2-V-1", "Tipo": "V", "Evaluacion": 83.0, "Fecha": "2020-01-27T03:10:59.122Z", "R1": "A", "R2": "C", "R3": "B", "R4": "A", "R5": "A", "R6": "C"}}, {"model": "pnl.ejercicio", "pk": 240, "fields": {"IdUsuario": 20, "IdSubtema": 4, "IdTem": 1, "Nombre": "E1-A-1", "Tipo": "A", "Evaluacion": 83.0, "Fecha": "2020-01-27T03:11:06.512Z", "R1": "B", "R2": "A", "R3": "A", "R4": "B", "R5": "A", "R6": "B"}}, {"model": "pnl.ejercicio", "pk": 241, "fields": {"IdUsuario": 20, "IdSubtema": 1, "IdTem": 1, "Nombre": "E1-K-2", "Tipo": "K", "Evaluacion": 100.0, "Fecha": "2020-01-27T03:11:38.734Z", "R1": null, "R2": null, "R3": null, "R4": null, "R5": null, "R6": null}}, {"model": "pnl.ejercicio", "pk": 242, "fields": {"IdUsuario": 12, "IdSubtema": 1, "IdTem": 2, "Nombre": "E2-K-3", "Tipo": "K", "Evaluacion": 100.0, "Fecha": "2020-01-27T03:11:51.671Z", "R1": null, "R2": null, "R3": null, "R4": null, "R5": null, "R6": null}}, {"model": "pnl.ejercicio", "pk": 243, "fields": {"IdUsuario": 11, "IdSubtema": 9, "IdTem": 2, "Nombre": "E2-V-3", "Tipo": "V", "Evaluacion": 80.0, "Fecha": "2020-01-27T03:12:17.958Z", "R1": "C", "R2": "A", "R3": "C", "R4": "C", "R5": "A", "R6": "-"}}, {"model": "pnl.ejercicio", "pk": 244, "fields": {"IdUsuario": 20, "IdSubtema": 1, "IdTem": 1, "Nombre": "E1-K-1", "Tipo": "K", "Evaluacion": 100.0, "Fecha": "2020-01-27T03:12:53.135Z", "R1": null, "R2": null, "R3": null, "R4": null, "R5": null, "R6": null}}, {"model": "pnl.ejercicio", "pk": 245, "fields": {"IdUsuario": 11, "IdSubtema": 7, "IdTem": 2, "Nombre": "E2-A-2", "Tipo": "A", "Evaluacion": 83.0, "Fecha": "2020-01-27T03:13:04.181Z", "R1": "A", "R2": "A", "R3": "C", "R4": "B", "R5": "A", "R6": "A"}}, {"model": "pnl.ejercicio", "pk": 246, "fields": {"IdUsuario": 12, "IdSubtema": 1, "IdTem": 2, "Nombre": "E2-K-2", "Tipo": "K", "Evaluacion": 100.0, "Fecha": "2020-01-27T03:13:12.631Z", "R1": null, "R2": null, "R3": null, "R4": null, "R5": null, "R6": null}}, {"model": "pnl.ejercicio", "pk": 247, "fields": {"IdUsuario": 11, "IdSubtema": 1, "IdTem": 2, "Nombre": "E2-K-1", "Tipo": "K", "Evaluacion": 100.0, "Fecha": "2020-01-27T03:13:19.552Z", "R1": null, "R2": null, "R3": null, "R4": null, "R5": null, "R6": null}}, {"model": "pnl.ejercicio", "pk": 248, "fields": {"IdUsuario": 11, "IdSubtema": 1, "IdTem": 2, "Nombre": "E2-K-3", "Tipo": "K", "Evaluacion": 100.0, "Fecha": "2020-01-27T03:14:04.465Z", "R1": null, "R2": null, "R3": null, "R4": null, "R5": null, "R6": null}}, {"model": "pnl.ejercicio", "pk": 249, "fields": {"IdUsuario": 11, "IdSubtema": 10, "IdTem": 3, "Nombre": "E3-V-1", "Tipo": "V", "Evaluacion": 83.0, "Fecha": "2020-01-27T03:15:28.733Z", "R1": "A", "R2": "A", "R3": "B", "R4": "C", "R5": "A", "R6": "B"}}, {"model": "pnl.ejercicio", "pk": 250, "fields": {"IdUsuario": 19, "IdSubtema": 1, "IdTem": 1, "Nombre": "E1-K-1", "Tipo": "K", "Evaluacion": 100.0, "Fecha": "2020-01-27T03:16:17.821Z", "R1": null, "R2": null, "R3": null, "R4": null, "R5": null, "R6": null}}, {"model": "pnl.ejercicio", "pk": 251, "fields": {"IdUsuario": 11, "IdSubtema": 11, "IdTem": 3, "Nombre": "E3-V-2", "Tipo": "V", "Evaluacion": 100.0, "Fecha": "2020-01-27T03:16:30.078Z", "R1": "A", "R2": "A", "R3": "C", "R4": "C", "R5": "B", "R6": "-"}}, {"model": "pnl.ejercicio", "pk": 252, "fields": {"IdUsuario": 11, "IdSubtema": 11, "IdTem": 3, "Nombre": "E3-A-2", "Tipo": "A", "Evaluacion": 80.0, "Fecha": "2020-01-27T03:16:57.145Z", "R1": "A", "R2": "A", "R3": "C", "R4": "B", "R5": "A", "R6": "-"}}, {"model": "pnl.ejercicio", "pk": 253, "fields": {"IdUsuario": 11, "IdSubtema": 2, "IdTem": 3, "Nombre": "E3-K-1", "Tipo": "K", "Evaluacion": 100.0, "Fecha": "2020-01-27T03:17:08.642Z", "R1": null, "R2": null, "R3": null, "R4": null, "R5": null, "R6": null}}, {"model": "pnl.ejercicio", "pk": 254, "fields": {"IdUsuario": 11, "IdSubtema": 3, "IdTem": 3, "Nombre": "E3-K-3", "Tipo": "K", "Evaluacion": 100.0, "Fecha": "2020-01-27T03:17:22.590Z", "R1": null, "R2": null, "R3": null, "R4": null, "R5": null, "R6": null}}, {"model": "pnl.ejercicio", "pk": 255, "fields": {"IdUsuario": 11, "IdSubtema": 13, "IdTem": 4, "Nombre": "E4-V-1", "Tipo": "V", "Evaluacion": 80.0, "Fecha": "2020-01-27T03:18:28.038Z", "R1": "B", "R2": "B", "R3": "C", "R4": "B", "R5": "C", "R6": "-"}}, {"model": "pnl.ejercicio", "pk": 256, "fields": {"IdUsuario": 19, "IdSubtema": 8, "IdTem": 2, "Nombre": "E2-V-1", "Tipo": "V", "Evaluacion": 83.0, "Fecha": "2020-01-27T03:18:50.665Z", "R1": "A", "R2": "C", "R3": "B", "R4": "A", "R5": "A", "R6": "C"}}, {"model": "pnl.ejercicio", "pk": 257, "fields": {"IdUsuario": 20, "IdSubtema": 8, "IdTem": 2, "Nombre": "E2-V-1", "Tipo": "V", "Evaluacion": 100.0, "Fecha": "2020-01-27T03:19:06.055Z", "R1": "B", "R2": "C", "R3": "B", "R4": "A", "R5": "A", "R6": "C"}}, {"model": "pnl.ejercicio", "pk": 258, "fields": {"IdUsuario": 11, "IdSubtema": 14, "IdTem": 4, "Nombre": "E4-V-2", "Tipo": "V", "Evaluacion": 80.0, "Fecha": "2020-01-27T03:19:14.697Z", "R1": "A", "R2": "A", "R3": "B", "R4": "A", "R5": "B", "R6": "-"}}, {"model": "pnl.ejercicio", "pk": 259, "fields": {"IdUsuario": 20, "IdSubtema": 9, "IdTem": 2, "Nombre": "E2-V-3", "Tipo": "V", "Evaluacion": 100.0, "Fecha": "2020-01-27T03:19:31.950Z", "R1": "C", "R2": "B", "R3": "C", "R4": "C", "R5": "A", "R6": "-"}}, {"model": "pnl.ejercicio", "pk": 260, "fields": {"IdUsuario": 11, "IdSubtema": 13, "IdTem": 4, "Nombre": "E4-A-1", "Tipo": "A", "Evaluacion": 80.0, "Fecha": "2020-01-27T03:19:54.597Z", "R1": "A", "R2": "A", "R3": "B", "R4": "C", "R5": "C", "R6": "-"}}, {"model": "pnl.ejercicio", "pk": 261, "fields": {"IdUsuario": 11, "IdSubtema": 1, "IdTem": 4, "Nombre": "E4-K-1", "Tipo": "K", "Evaluacion": 100.0, "Fecha": "2020-01-27T03:20:09.904Z", "R1": null, "R2": null, "R3": null, "R4": null, "R5": null, "R6": null}}, {"model": "pnl.ejercicio", "pk": 262, "fields": {"IdUsuario": 19, "IdSubtema": 9, "IdTem": 2, "Nombre": "E2-V-3", "Tipo": "V", "Evaluacion": 80.0, "Fecha": "2020-01-27T03:20:22.803Z", "R1": "C", "R2": "B", "R3": "C", "R4": "C", "R5": "C", "R6": "-"}}, {"model": "pnl.ejercicio", "pk": 263, "fields": {"IdUsuario": 11, "IdSubtema": 2, "IdTem": 4, "Nombre": "E4-K-3", "Tipo": "K", "Evaluacion": 100.0, "Fecha": "2020-01-27T03:20:23.142Z", "R1": null, "R2": null, "R3": null, "R4": null, "R5": null, "R6": null}}, {"model": "pnl.ejercicio", "pk": 264, "fields": {"IdUsuario": 11, "IdSubtema": 18, "IdTem": 5, "Nombre": "E5-V-2", "Tipo": "V", "Evaluacion": 80.0, "Fecha": "2020-01-27T03:21:36.935Z", "R1": "A", "R2": "A", "R3": "B", "R4": "A", "R5": "C", "R6": "-"}}, {"model": "pnl.ejercicio", "pk": 265, "fields": {"IdUsuario": 11, "IdSubtema": 19, "IdTem": 5, "Nombre": "E5-V-3", "Tipo": "V", "Evaluacion": 100.0, "Fecha": "2020-01-27T03:22:15.816Z", "R1": "A", "R2": "A", "R3": "C", "R4": "C", "R5": "A", "R6": "-"}}, {"model": "pnl.ejercicio", "pk": 266, "fields": {"IdUsuario": 20, "IdSubtema": 8, "IdTem": 2, "Nombre": "E2-A-3", "Tipo": "A", "Evaluacion": 100.0, "Fecha": "2020-01-27T03:22:19.993Z", "R1": "A", "R2": "A", "R3": "C", "R4": "B", "R5": "A", "R6": "B"}}, {"model": "pnl.ejercicio", "pk": 267, "fields": {"IdUsuario": 20, "IdSubtema": 1, "IdTem": 2, "Nombre": "E2-K-1", "Tipo": "K", "Evaluacion": 100.0, "Fecha": "2020-01-27T03:22:31.723Z", "R1": null, "R2": null, "R3": null, "R4": null, "R5": null, "R6": null}}, {"model": "pnl.ejercicio", "pk": 268, "fields": {"IdUsuario": 19, "IdSubtema": 5, "IdTem": 2, "Nombre": "E2-A-1", "Tipo": "A", "Evaluacion": 83.0, "Fecha": "2020-01-27T03:22:36.432Z", "R1": "A", "R2": "C", "R3": "A", "R4": "B", "R5": "A", "R6": "C"}}, {"model": "pnl.ejercicio", "pk": 269, "fields": {"IdUsuario": 20, "IdSubtema": 1, "IdTem": 2, "Nombre": "E2-K-2", "Tipo": "K", "Evaluacion": 100.0, "Fecha": "2020-01-27T03:22:45.655Z", "R1": null, "R2": null, "R3": null, "R4": null, "R5": null, "R6": null}}, {"model": "pnl.ejercicio", "pk": 270, "fields": {"IdUsuario": 19, "IdSubtema": 1, "IdTem": 2, "Nombre": "E2-K-2", "Tipo": "K", "Evaluacion": 100.0, "Fecha": "2020-01-27T03:22:58.115Z", "R1": null, "R2": null, "R3": null, "R4": null, "R5": null, "R6": null}}, {"model": "pnl.ejercicio", "pk": 271, "fields": {"IdUsuario": 11, "IdSubtema": 19, "IdTem": 5, "Nombre": "E5-A-3", "Tipo": "A", "Evaluacion": 80.0, "Fecha": "2020-01-27T03:23:08.008Z", "R1": "B", "R2": "A", "R3": "A", "R4": "C", "R5": "A", "R6": "-"}}, {"model": "pnl.ejercicio", "pk": 272, "fields": {"IdUsuario": 11, "IdSubtema": 1, "IdTem": 5, "Nombre": "E5-K-4", "Tipo": "K", "Evaluacion": 100.0, "Fecha": "2020-01-27T03:23:24.471Z", "R1": null, "R2": null, "R3": null, "R4": null, "R5": null, "R6": null}}, {"model": "pnl.ejercicio", "pk": 273, "fields": {"IdUsuario": 19, "IdSubtema": 1, "IdTem": 2, "Nombre": "E2-K-3", "Tipo": "K", "Evaluacion": 100.0, "Fecha": "2020-01-27T03:23:27.684Z", "R1": null, "R2": null, "R3": null, "R4": null, "R5": null, "R6": null}}, {"model": "pnl.ejercicio", "pk": 274, "fields": {"IdUsuario": 11, "IdSubtema": 2, "IdTem": 5, "Nombre": "E5-K-2", "Tipo": "K", "Evaluacion": 100.0, "Fecha": "2020-01-27T03:23:33.215Z", "R1": null, "R2": null, "R3": null, "R4": null, "R5": null, "R6": null}}, {"model": "pnl.ejercicio", "pk": 275, "fields": {"IdUsuario": 20, "IdSubtema": 12, "IdTem": 3, "Nombre": "E3-V-3", "Tipo": "V", "Evaluacion": 100.0, "Fecha": "2020-01-27T03:25:40.134Z", "R1": "B", "R2": "C", "R3": "A", "R4": "A", "R5": "C", "R6": "-"}}, {"model": "pnl.ejercicio", "pk": 276, "fields": {"IdUsuario": 20, "IdSubtema": 11, "IdTem": 3, "Nombre": "E3-V-2", "Tipo": "V", "Evaluacion": 100.0, "Fecha": "2020-01-27T03:25:58.571Z", "R1": "A", "R2": "A", "R3": "C", "R4": "C", "R5": "B", "R6": "-"}}, {"model": "pnl.ejercicio", "pk": 277, "fields": {"IdUsuario": 20, "IdSubtema": 11, "IdTem": 3, "Nombre": "E3-A-2", "Tipo": "A", "Evaluacion": 100.0, "Fecha": "2020-01-27T03:27:15.237Z", "R1": "A", "R2": "C", "R3": "C", "R4": "B", "R5": "A", "R6": "-"}}, {"model": "pnl.ejercicio", "pk": 278, "fields": {"IdUsuario": 20, "IdSubtema": 2, "IdTem": 3, "Nombre": "E3-K-1", "Tipo": "K", "Evaluacion": 100.0, "Fecha": "2020-01-27T03:27:26.343Z", "R1": null, "R2": null, "R3": null, "R4": null, "R5": null, "R6": null}}, {"model": "pnl.ejercicio", "pk": 279, "fields": {"IdUsuario": 20, "IdSubtema": 3, "IdTem": 3, "Nombre": "E3-K-2", "Tipo": "K", "Evaluacion": 100.0, "Fecha": "2020-01-27T03:27:37.937Z", "R1": null, "R2": null, "R3": null, "R4": null, "R5": null, "R6": null}}, {"model": "pnl.ejercicio", "pk": 280, "fields": {"IdUsuario": 12, "IdSubtema": 12, "IdTem": 3, "Nombre": "E3-V-3", "Tipo": "V", "Evaluacion": 80.0, "Fecha": "2020-01-27T03:28:42.229Z", "R1": "B", "R2": "A", "R3": "A", "R4": "A", "R5": "C", "R6": "-"}}, {"model": "pnl.ejercicio", "pk": 281, "fields": {"IdUsuario": 20, "IdSubtema": 14, "IdTem": 4, "Nombre": "E4-V-2", "Tipo": "V", "Evaluacion": 80.0, "Fecha": "2020-01-27T03:30:42.999Z", "R1": "C", "R2": "A", "R3": "B", "R4": "A", "R5": "C", "R6": "-"}}, {"model": "pnl.ejercicio", "pk": 282, "fields": {"IdUsuario": 19, "IdSubtema": 10, "IdTem": 3, "Nombre": "E3-V-1", "Tipo": "V", "Evaluacion": 83.0, "Fecha": "2020-01-27T03:31:17.520Z", "R1": "A", "R2": "A", "R3": "B", "R4": "C", "R5": "A", "R6": "B"}}, {"model": "pnl.ejercicio", "pk": 283, "fields": {"IdUsuario": 20, "IdSubtema": 16, "IdTem": 4, "Nombre": "E4-V-3", "Tipo": "V", "Evaluacion": 100.0, "Fecha": "2020-01-27T03:31:44.958Z", "R1": "A", "R2": "B", "R3": "C", "R4": "A", "R5": "A", "R6": "-"}}, {"model": "pnl.ejercicio", "pk": 284, "fields": {"IdUsuario": 19, "IdSubtema": 12, "IdTem": 3, "Nombre": "E3-V-3", "Tipo": "V", "Evaluacion": 80.0, "Fecha": "2020-01-27T03:31:45.533Z", "R1": "B", "R2": "B", "R3": "A", "R4": "A", "R5": "C", "R6": "-"}}, {"model": "pnl.ejercicio", "pk": 285, "fields": {"IdUsuario": 21, "IdSubtema": 1, "IdTem": 1, "Nombre": "E1-V-2", "Tipo": "V", "Evaluacion": 100.0, "Fecha": "2020-01-27T03:32:10.888Z", "R1": "C", "R2": "A", "R3": "B", "R4": "B", "R5": "C", "R6": "-"}}, {"model": "pnl.ejercicio", "pk": 286, "fields": {"IdUsuario": 19, "IdSubtema": 11, "IdTem": 3, "Nombre": "E3-A-2", "Tipo": "A", "Evaluacion": 80.0, "Fecha": "2020-01-27T03:32:35.018Z", "R1": "A", "R2": "C", "R3": "C", "R4": "A", "R5": "A", "R6": "-"}}, {"model": "pnl.ejercicio", "pk": 287, "fields": {"IdUsuario": 21, "IdSubtema": 1, "IdTem": 1, "Nombre": "E1-V-1", "Tipo": "V", "Evaluacion": 100.0, "Fecha": "2020-01-27T03:32:45.814Z", "R1": "B", "R2": "C", "R3": "A", "R4": "A", "R5": "B", "R6": "-"}}, {"model": "pnl.ejercicio", "pk": 288, "fields": {"IdUsuario": 19, "IdSubtema": 2, "IdTem": 3, "Nombre": "E3-K-1", "Tipo": "K", "Evaluacion": 100.0, "Fecha": "2020-01-27T03:32:47.467Z", "R1": null, "R2": null, "R3": null, "R4": null, "R5": null, "R6": null}}, {"model": "pnl.ejercicio", "pk": 289, "fields": {"IdUsuario": 19, "IdSubtema": 3, "IdTem": 3, "Nombre": "E3-K-2", "Tipo": "K", "Evaluacion": 100.0, "Fecha": "2020-01-27T03:33:06.659Z", "R1": null, "R2": null, "R3": null, "R4": null, "R5": null, "R6": null}}, {"model": "pnl.ejercicio", "pk": 290, "fields": {"IdUsuario": 20, "IdSubtema": 16, "IdTem": 4, "Nombre": "E4-A-3", "Tipo": "A", "Evaluacion": 100.0, "Fecha": "2020-01-27T03:33:15.483Z", "R1": "B", "R2": "B", "R3": "C", "R4": "B", "R5": "B", "R6": "-"}}, {"model": "pnl.ejercicio", "pk": 291, "fields": {"IdUsuario": 20, "IdSubtema": 1, "IdTem": 4, "Nombre": "E4-K-1", "Tipo": "K", "Evaluacion": 100.0, "Fecha": "2020-01-27T03:33:26.010Z", "R1": null, "R2": null, "R3": null, "R4": null, "R5": null, "R6": null}}, {"model": "pnl.ejercicio", "pk": 292, "fields": {"IdUsuario": 20, "IdSubtema": 2, "IdTem": 4, "Nombre": "E4-K-3", "Tipo": "K", "Evaluacion": 100.0, "Fecha": "2020-01-27T03:33:41.644Z", "R1": null, "R2": null, "R3": null, "R4": null, "R5": null, "R6": null}}, {"model": "pnl.ejercicio", "pk": 293, "fields": {"IdUsuario": 21, "IdSubtema": 4, "IdTem": 1, "Nombre": "E1-A-1", "Tipo": "A", "Evaluacion": 100.0, "Fecha": "2020-01-27T03:34:21.235Z", "R1": "B", "R2": "C", "R3": "A", "R4": "B", "R5": "A", "R6": "B"}}, {"model": "pnl.ejercicio", "pk": 294, "fields": {"IdUsuario": 20, "IdSubtema": 19, "IdTem": 5, "Nombre": "E5-V-3", "Tipo": "V", "Evaluacion": 80.0, "Fecha": "2020-01-27T03:34:24.481Z", "R1": "A", "R2": "A", "R3": "C", "R4": "C", "R5": "B", "R6": "-"}}, {"model": "pnl.ejercicio", "pk": 295, "fields": {"IdUsuario": 20, "IdSubtema": 18, "IdTem": 5, "Nombre": "E5-V-2", "Tipo": "V", "Evaluacion": 80.0, "Fecha": "2020-01-27T03:35:01.559Z", "R1": "B", "R2": "A", "R3": "B", "R4": "A", "R5": "A", "R6": "-"}}, {"model": "pnl.ejercicio", "pk": 296, "fields": {"IdUsuario": 20, "IdSubtema": 18, "IdTem": 5, "Nombre": "E5-A-2", "Tipo": "A", "Evaluacion": 100.0, "Fecha": "2020-01-27T03:35:19.235Z", "R1": "A", "R2": "B", "R3": "B", "R4": "C", "R5": "C", "R6": "-"}}, {"model": "pnl.ejercicio", "pk": 297, "fields": {"IdUsuario": 20, "IdSubtema": 2, "IdTem": 5, "Nombre": "E5-K-2", "Tipo": "K", "Evaluacion": 100.0, "Fecha": "2020-01-27T03:35:26.597Z", "R1": null, "R2": null, "R3": null, "R4": null, "R5": null, "R6": null}}, {"model": "pnl.ejercicio", "pk": 298, "fields": {"IdUsuario": 20, "IdSubtema": 2, "IdTem": 5, "Nombre": "E5-K-1", "Tipo": "K", "Evaluacion": 100.0, "Fecha": "2020-01-27T03:35:48.504Z", "R1": null, "R2": null, "R3": null, "R4": null, "R5": null, "R6": null}}, {"model": "pnl.ejercicio", "pk": 299, "fields": {"IdUsuario": 21, "IdSubtema": 1, "IdTem": 1, "Nombre": "E1-K-3", "Tipo": "K", "Evaluacion": 100.0, "Fecha": "2020-01-27T03:36:56.146Z", "R1": null, "R2": null, "R3": null, "R4": null, "R5": null, "R6": null}}, {"model": "pnl.ejercicio", "pk": 300, "fields": {"IdUsuario": 19, "IdSubtema": 13, "IdTem": 4, "Nombre": "E4-V-1", "Tipo": "V", "Evaluacion": 80.0, "Fecha": "2020-01-27T03:37:00.621Z", "R1": "A", "R2": "A", "R3": "C", "R4": "B", "R5": "C", "R6": "-"}}, {"model": "pnl.ejercicio", "pk": 301, "fields": {"IdUsuario": 19, "IdSubtema": 14, "IdTem": 4, "Nombre": "E4-V-2", "Tipo": "V", "Evaluacion": 80.0, "Fecha": "2020-01-27T03:37:49.580Z", "R1": "A", "R2": "A", "R3": "B", "R4": "A", "R5": "B", "R6": "-"}}, {"model": "pnl.ejercicio", "pk": 302, "fields": {"IdUsuario": 21, "IdSubtema": 1, "IdTem": 1, "Nombre": "E1-K-1", "Tipo": "K", "Evaluacion": 100.0, "Fecha": "2020-01-27T03:38:03.627Z", "R1": null, "R2": null, "R3": null, "R4": null, "R5": null, "R6": null}}, {"model": "pnl.ejercicio", "pk": 303, "fields": {"IdUsuario": 12, "IdSubtema": 11, "IdTem": 3, "Nombre": "E3-A-2", "Tipo": "A", "Evaluacion": 100.0, "Fecha": "2020-01-27T03:38:04.614Z", "R1": "A", "R2": "C", "R3": "C", "R4": "B", "R5": "A", "R6": "-"}}, {"model": "pnl.ejercicio", "pk": 304, "fields": {"IdUsuario": 19, "IdSubtema": 13, "IdTem": 4, "Nombre": "E4-A-1", "Tipo": "A", "Evaluacion": 80.0, "Fecha": "2020-01-27T03:38:32.273Z", "R1": "A", "R2": "B", "R3": "B", "R4": "A", "R5": "C", "R6": "-"}}, {"model": "pnl.ejercicio", "pk": 305, "fields": {"IdUsuario": 19, "IdSubtema": 1, "IdTem": 4, "Nombre": "E4-K-1", "Tipo": "K", "Evaluacion": 100.0, "Fecha": "2020-01-27T03:38:45.831Z", "R1": null, "R2": null, "R3": null, "R4": null, "R5": null, "R6": null}}, {"model": "pnl.ejercicio", "pk": 306, "fields": {"IdUsuario": 19, "IdSubtema": 1, "IdTem": 4, "Nombre": "E4-K-2", "Tipo": "K", "Evaluacion": 100.0, "Fecha": "2020-01-27T03:39:34.648Z", "R1": null, "R2": null, "R3": null, "R4": null, "R5": null, "R6": null}}, {"model": "pnl.ejercicio", "pk": 307, "fields": {"IdUsuario": 12, "IdSubtema": 3, "IdTem": 3, "Nombre": "E3-K-2", "Tipo": "K", "Evaluacion": 100.0, "Fecha": "2020-01-27T03:41:23.607Z", "R1": null, "R2": null, "R3": null, "R4": null, "R5": null, "R6": null}}, {"model": "pnl.ejercicio", "pk": 308, "fields": {"IdUsuario": 12, "IdSubtema": 3, "IdTem": 3, "Nombre": "E3-K-3", "Tipo": "K", "Evaluacion": 100.0, "Fecha": "2020-01-27T03:41:39.704Z", "R1": null, "R2": null, "R3": null, "R4": null, "R5": null, "R6": null}}, {"model": "pnl.ejercicio", "pk": 309, "fields": {"IdUsuario": 12, "IdSubtema": 2, "IdTem": 3, "Nombre": "E3-K-1", "Tipo": "K", "Evaluacion": 100.0, "Fecha": "2020-01-27T03:41:54.808Z", "R1": null, "R2": null, "R3": null, "R4": null, "R5": null, "R6": null}}, {"model": "pnl.ejercicio", "pk": 310, "fields": {"IdUsuario": 19, "IdSubtema": 18, "IdTem": 5, "Nombre": "E5-V-2", "Tipo": "V", "Evaluacion": 80.0, "Fecha": "2020-01-27T03:43:42.592Z", "R1": "A", "R2": "A", "R3": "B", "R4": "A", "R5": "C", "R6": "-"}}, {"model": "pnl.ejercicio", "pk": 311, "fields": {"IdUsuario": 21, "IdSubtema": 8, "IdTem": 2, "Nombre": "E2-V-1", "Tipo": "V", "Evaluacion": 100.0, "Fecha": "2020-01-27T03:43:45.238Z", "R1": "B", "R2": "C", "R3": "B", "R4": "A", "R5": "A", "R6": "C"}}, {"model": "pnl.ejercicio", "pk": 312, "fields": {"IdUsuario": 19, "IdSubtema": 19, "IdTem": 5, "Nombre": "E5-V-3", "Tipo": "V", "Evaluacion": 80.0, "Fecha": "2020-01-27T03:44:12.643Z", "R1": "A", "R2": "A", "R3": "B", "R4": "C", "R5": "A", "R6": "-"}}, {"model": "pnl.ejercicio", "pk": 313, "fields": {"IdUsuario": 19, "IdSubtema": 18, "IdTem": 5, "Nombre": "E5-A-2", "Tipo": "A", "Evaluacion": 80.0, "Fecha": "2020-01-27T03:44:38.389Z", "R1": "B", "R2": "B", "R3": "B", "R4": "C", "R5": "C", "R6": "-"}}, {"model": "pnl.ejercicio", "pk": 314, "fields": {"IdUsuario": 21, "IdSubtema": 6, "IdTem": 2, "Nombre": "E2-V-2", "Tipo": "V", "Evaluacion": 83.0, "Fecha": "2020-01-27T03:44:41.107Z", "R1": "A", "R2": "C", "R3": "B", "R4": "B", "R5": "A", "R6": "C"}}, {"model": "pnl.ejercicio", "pk": 315, "fields": {"IdUsuario": 19, "IdSubtema": 2, "IdTem": 5, "Nombre": "E5-K-2", "Tipo": "K", "Evaluacion": 100.0, "Fecha": "2020-01-27T03:44:46.811Z", "R1": null, "R2": null, "R3": null, "R4": null, "R5": null, "R6": null}}, {"model": "pnl.ejercicio", "pk": 316, "fields": {"IdUsuario": 21, "IdSubtema": 7, "IdTem": 2, "Nombre": "E2-A-2", "Tipo": "A", "Evaluacion": 100.0, "Fecha": "2020-01-27T03:45:31.154Z", "R1": "C", "R2": "A", "R3": "C", "R4": "B", "R5": "A", "R6": "A"}}, {"model": "pnl.ejercicio", "pk": 317, "fields": {"IdUsuario": 21, "IdSubtema": 1, "IdTem": 2, "Nombre": "E2-K-2", "Tipo": "K", "Evaluacion": 100.0, "Fecha": "2020-01-27T03:46:02.931Z", "R1": null, "R2": null, "R3": null, "R4": null, "R5": null, "R6": null}}, {"model": "pnl.ejercicio", "pk": 318, "fields": {"IdUsuario": 21, "IdSubtema": 1, "IdTem": 2, "Nombre": "E2-K-3", "Tipo": "K", "Evaluacion": 100.0, "Fecha": "2020-01-27T03:47:25.091Z", "R1": null, "R2": null, "R3": null, "R4": null, "R5": null, "R6": null}}, {"model": "pnl.ejercicio", "pk": 319, "fields": {"IdUsuario": 19, "IdSubtema": 1, "IdTem": 5, "Nombre": "E5-K-4", "Tipo": "K", "Evaluacion": 100.0, "Fecha": "2020-01-27T03:47:32.951Z", "R1": null, "R2": null, "R3": null, "R4": null, "R5": null, "R6": null}}, {"model": "pnl.ejercicio", "pk": 320, "fields": {"IdUsuario": 21, "IdSubtema": 10, "IdTem": 3, "Nombre": "E3-V-1", "Tipo": "V", "Evaluacion": 100.0, "Fecha": "2020-01-27T03:49:55.814Z", "R1": "C", "R2": "A", "R3": "B", "R4": "C", "R5": "A", "R6": "B"}}, {"model": "pnl.ejercicio", "pk": 321, "fields": {"IdUsuario": 21, "IdSubtema": 11, "IdTem": 3, "Nombre": "E3-V-2", "Tipo": "V", "Evaluacion": 100.0, "Fecha": "2020-01-27T03:50:50.643Z", "R1": "A", "R2": "A", "R3": "C", "R4": "C", "R5": "B", "R6": "-"}}, {"model": "pnl.ejercicio", "pk": 322, "fields": {"IdUsuario": 21, "IdSubtema": 12, "IdTem": 3, "Nombre": "E3-A-3", "Tipo": "A", "Evaluacion": 100.0, "Fecha": "2020-01-27T03:51:50.971Z", "R1": "A", "R2": "C", "R3": "A", "R4": "B", "R5": "C", "R6": "-"}}, {"model": "pnl.ejercicio", "pk": 323, "fields": {"IdUsuario": 21, "IdSubtema": 2, "IdTem": 3, "Nombre": "E3-K-1", "Tipo": "K", "Evaluacion": 100.0, "Fecha": "2020-01-27T03:52:06.981Z", "R1": null, "R2": null, "R3": null, "R4": null, "R5": null, "R6": null}}, {"model": "pnl.ejercicio", "pk": 324, "fields": {"IdUsuario": 22, "IdSubtema": 1, "IdTem": 1, "Nombre": "E1-V-2", "Tipo": "V", "Evaluacion": 100.0, "Fecha": "2020-01-27T03:52:17.201Z", "R1": "C", "R2": "A", "R3": "B", "R4": "B", "R5": "C", "R6": "-"}}, {"model": "pnl.ejercicio", "pk": 325, "fields": {"IdUsuario": 12, "IdSubtema": 13, "IdTem": 4, "Nombre": "E4-V-1", "Tipo": "V", "Evaluacion": 100.0, "Fecha": "2020-01-27T03:53:06.516Z", "R1": "B", "R2": "A", "R3": "C", "R4": "B", "R5": "C", "R6": "-"}}, {"model": "pnl.ejercicio", "pk": 326, "fields": {"IdUsuario": 22, "IdSubtema": 3, "IdTem": 1, "Nombre": "E1-V-3", "Tipo": "V", "Evaluacion": 83.0, "Fecha": "2020-01-27T03:53:08.437Z", "R1": "A", "R2": "C", "R3": "C", "R4": "C", "R5": "B", "R6": "A"}}, {"model": "pnl.ejercicio", "pk": 327, "fields": {"IdUsuario": 12, "IdSubtema": 16, "IdTem": 4, "Nombre": "E4-A-3", "Tipo": "A", "Evaluacion": 100.0, "Fecha": "2020-01-27T03:54:30.844Z", "R1": "B", "R2": "B", "R3": "C", "R4": "B", "R5": "B", "R6": "-"}}, {"model": "pnl.ejercicio", "pk": 328, "fields": {"IdUsuario": 22, "IdSubtema": 2, "IdTem": 1, "Nombre": "E1-A-3", "Tipo": "A", "Evaluacion": 83.0, "Fecha": "2020-01-27T03:55:01.082Z", "R1": "C", "R2": "A", "R3": "B", "R4": "A", "R5": "B", "R6": "A"}}, {"model": "pnl.ejercicio", "pk": 329, "fields": {"IdUsuario": 12, "IdSubtema": 2, "IdTem": 4, "Nombre": "E4-K-3", "Tipo": "K", "Evaluacion": 100.0, "Fecha": "2020-01-27T03:55:02.352Z", "R1": null, "R2": null, "R3": null, "R4": null, "R5": null, "R6": null}}, {"model": "pnl.ejercicio", "pk": 330, "fields": {"IdUsuario": 22, "IdSubtema": 1, "IdTem": 1, "Nombre": "E1-K-2", "Tipo": "K", "Evaluacion": 100.0, "Fecha": "2020-01-27T03:55:15.313Z", "R1": null, "R2": null, "R3": null, "R4": null, "R5": null, "R6": null}}, {"model": "pnl.ejercicio", "pk": 331, "fields": {"IdUsuario": 12, "IdSubtema": 1, "IdTem": 4, "Nombre": "E4-K-1", "Tipo": "K", "Evaluacion": 100.0, "Fecha": "2020-01-27T03:55:18.264Z", "R1": null, "R2": null, "R3": null, "R4": null, "R5": null, "R6": null}}, {"model": "pnl.ejercicio", "pk": 332, "fields": {"IdUsuario": 21, "IdSubtema": 3, "IdTem": 3, "Nombre": "E3-K-3", "Tipo": "K", "Evaluacion": 100.0, "Fecha": "2020-01-27T03:55:54.889Z", "R1": null, "R2": null, "R3": null, "R4": null, "R5": null, "R6": null}}, {"model": "pnl.ejercicio", "pk": 333, "fields": {"IdUsuario": 22, "IdSubtema": 1, "IdTem": 1, "Nombre": "E1-K-3", "Tipo": "K", "Evaluacion": 100.0, "Fecha": "2020-01-27T03:56:04.601Z", "R1": null, "R2": null, "R3": null, "R4": null, "R5": null, "R6": null}}, {"model": "pnl.ejercicio", "pk": 334, "fields": {"IdUsuario": 22, "IdSubtema": 9, "IdTem": 2, "Nombre": "E2-V-3", "Tipo": "V", "Evaluacion": 80.0, "Fecha": "2020-01-27T03:57:42.086Z", "R1": "C", "R2": "B", "R3": "C", "R4": "A", "R5": "A", "R6": "-"}}, {"model": "pnl.ejercicio", "pk": 335, "fields": {"IdUsuario": 12, "IdSubtema": 1, "IdTem": 4, "Nombre": "E4-K-2", "Tipo": "K", "Evaluacion": 100.0, "Fecha": "2020-01-27T03:58:22.372Z", "R1": null, "R2": null, "R3": null, "R4": null, "R5": null, "R6": null}}, {"model": "pnl.ejercicio", "pk": 336, "fields": {"IdUsuario": 22, "IdSubtema": 8, "IdTem": 2, "Nombre": "E2-V-1", "Tipo": "V", "Evaluacion": 83.0, "Fecha": "2020-01-27T03:58:24.787Z", "R1": "B", "R2": "B", "R3": "B", "R4": "A", "R5": "A", "R6": "C"}}, {"model": "pnl.ejercicio", "pk": 337, "fields": {"IdUsuario": 22, "IdSubtema": 5, "IdTem": 2, "Nombre": "E2-A-1", "Tipo": "A", "Evaluacion": 83.0, "Fecha": "2020-01-27T03:59:03.352Z", "R1": "A", "R2": "A", "R3": "A", "R4": "B", "R5": "B", "R6": "C"}}, {"model": "pnl.ejercicio", "pk": 338, "fields": {"IdUsuario": 22, "IdSubtema": 1, "IdTem": 2, "Nombre": "E2-K-1", "Tipo": "K", "Evaluacion": 100.0, "Fecha": "2020-01-27T03:59:12.430Z", "R1": null, "R2": null, "R3": null, "R4": null, "R5": null, "R6": null}}, {"model": "pnl.ejercicio", "pk": 339, "fields": {"IdUsuario": 22, "IdSubtema": 1, "IdTem": 2, "Nombre": "E2-K-3", "Tipo": "K", "Evaluacion": 100.0, "Fecha": "2020-01-27T04:00:11.480Z", "R1": null, "R2": null, "R3": null, "R4": null, "R5": null, "R6": null}}, {"model": "pnl.ejercicio", "pk": 340, "fields": {"IdUsuario": 22, "IdSubtema": 11, "IdTem": 3, "Nombre": "E3-V-2", "Tipo": "V", "Evaluacion": 80.0, "Fecha": "2020-01-27T04:00:49.879Z", "R1": "A", "R2": "C", "R3": "C", "R4": "C", "R5": "B", "R6": "-"}}, {"model": "pnl.ejercicio", "pk": 341, "fields": {"IdUsuario": 12, "IdSubtema": 18, "IdTem": 5, "Nombre": "E5-V-2", "Tipo": "V", "Evaluacion": 100.0, "Fecha": "2020-01-27T04:00:50.638Z", "R1": "B", "R2": "A", "R3": "B", "R4": "A", "R5": "C", "R6": "-"}}, {"model": "pnl.ejercicio", "pk": 342, "fields": {"IdUsuario": 22, "IdSubtema": 12, "IdTem": 3, "Nombre": "E3-V-3", "Tipo": "V", "Evaluacion": 80.0, "Fecha": "2020-01-27T04:01:24.595Z", "R1": "A", "R2": "C", "R3": "A", "R4": "A", "R5": "C", "R6": "-"}}, {"model": "pnl.ejercicio", "pk": 343, "fields": {"IdUsuario": 22, "IdSubtema": 10, "IdTem": 3, "Nombre": "E3-A-1", "Tipo": "A", "Evaluacion": 80.0, "Fecha": "2020-01-27T04:01:56.295Z", "R1": "B", "R2": "B", "R3": "B", "R4": "B", "R5": "C", "R6": "-"}}, {"model": "pnl.ejercicio", "pk": 344, "fields": {"IdUsuario": 22, "IdSubtema": 2, "IdTem": 3, "Nombre": "E3-K-1", "Tipo": "K", "Evaluacion": 100.0, "Fecha": "2020-01-27T04:02:05.286Z", "R1": null, "R2": null, "R3": null, "R4": null, "R5": null, "R6": null}}, {"model": "pnl.ejercicio", "pk": 345, "fields": {"IdUsuario": 22, "IdSubtema": 3, "IdTem": 3, "Nombre": "E3-K-3", "Tipo": "K", "Evaluacion": 100.0, "Fecha": "2020-01-27T04:02:18.131Z", "R1": null, "R2": null, "R3": null, "R4": null, "R5": null, "R6": null}}, {"model": "pnl.ejercicio", "pk": 346, "fields": {"IdUsuario": 12, "IdSubtema": 17, "IdTem": 5, "Nombre": "E5-A-1", "Tipo": "A", "Evaluacion": 100.0, "Fecha": "2020-01-27T04:02:40.949Z", "R1": "C", "R2": "B", "R3": "B", "R4": "B", "R5": "A", "R6": "-"}}, {"model": "pnl.ejercicio", "pk": 347, "fields": {"IdUsuario": 22, "IdSubtema": 14, "IdTem": 4, "Nombre": "E4-V-2", "Tipo": "V", "Evaluacion": 80.0, "Fecha": "2020-01-27T04:02:52.920Z", "R1": "A", "R2": "A", "R3": "B", "R4": "A", "R5": "B", "R6": "-"}}, {"model": "pnl.ejercicio", "pk": 348, "fields": {"IdUsuario": 12, "IdSubtema": 2, "IdTem": 5, "Nombre": "E5-K-2", "Tipo": "K", "Evaluacion": 100.0, "Fecha": "2020-01-27T04:02:59.475Z", "R1": null, "R2": null, "R3": null, "R4": null, "R5": null, "R6": null}}, {"model": "pnl.ejercicio", "pk": 349, "fields": {"IdUsuario": 22, "IdSubtema": 16, "IdTem": 4, "Nombre": "E4-V-3", "Tipo": "V", "Evaluacion": 80.0, "Fecha": "2020-01-27T04:03:42.407Z", "R1": "A", "R2": "B", "R3": "C", "R4": "B", "R5": "A", "R6": "-"}}, {"model": "pnl.ejercicio", "pk": 350, "fields": {"IdUsuario": 22, "IdSubtema": 16, "IdTem": 4, "Nombre": "E4-A-3", "Tipo": "A", "Evaluacion": 80.0, "Fecha": "2020-01-27T04:04:25.184Z", "R1": "B", "R2": "B", "R3": "C", "R4": "B", "R5": "A", "R6": "-"}}, {"model": "pnl.ejercicio", "pk": 351, "fields": {"IdUsuario": 21, "IdSubtema": 14, "IdTem": 4, "Nombre": "E4-V-2", "Tipo": "V", "Evaluacion": 100.0, "Fecha": "2020-01-27T04:04:38.113Z", "R1": "C", "R2": "A", "R3": "B", "R4": "A", "R5": "B", "R6": "-"}}, {"model": "pnl.ejercicio", "pk": 352, "fields": {"IdUsuario": 22, "IdSubtema": 1, "IdTem": 4, "Nombre": "E4-K-1", "Tipo": "K", "Evaluacion": 100.0, "Fecha": "2020-01-27T04:04:39.132Z", "R1": null, "R2": null, "R3": null, "R4": null, "R5": null, "R6": null}}, {"model": "pnl.ejercicio", "pk": 353, "fields": {"IdUsuario": 22, "IdSubtema": 2, "IdTem": 4, "Nombre": "E4-K-3", "Tipo": "K", "Evaluacion": 100.0, "Fecha": "2020-01-27T04:05:19.388Z", "R1": null, "R2": null, "R3": null, "R4": null, "R5": null, "R6": null}}, {"model": "pnl.ejercicio", "pk": 354, "fields": {"IdUsuario": 22, "IdSubtema": 17, "IdTem": 5, "Nombre": "E5-V-1", "Tipo": "V", "Evaluacion": 80.0, "Fecha": "2020-01-27T04:06:01.616Z", "R1": "A", "R2": "A", "R3": "C", "R4": "C", "R5": "A", "R6": "-"}}, {"model": "pnl.ejercicio", "pk": 355, "fields": {"IdUsuario": 22, "IdSubtema": 18, "IdTem": 5, "Nombre": "E5-V-2", "Tipo": "V", "Evaluacion": 80.0, "Fecha": "2020-01-27T04:06:32.194Z", "R1": "A", "R2": "A", "R3": "B", "R4": "A", "R5": "C", "R6": "-"}}, {"model": "pnl.ejercicio", "pk": 356, "fields": {"IdUsuario": 21, "IdSubtema": 13, "IdTem": 4, "Nombre": "E4-V-1", "Tipo": "V", "Evaluacion": 80.0, "Fecha": "2020-01-27T04:06:41.780Z", "R1": "B", "R2": "A", "R3": "B", "R4": "B", "R5": "C", "R6": "-"}}, {"model": "pnl.ejercicio", "pk": 357, "fields": {"IdUsuario": 12, "IdSubtema": 1, "IdTem": 5, "Nombre": "E5-K-4", "Tipo": "K", "Evaluacion": 100.0, "Fecha": "2020-01-27T04:06:51.962Z", "R1": null, "R2": null, "R3": null, "R4": null, "R5": null, "R6": null}}, {"model": "pnl.ejercicio", "pk": 358, "fields": {"IdUsuario": 22, "IdSubtema": 19, "IdTem": 5, "Nombre": "E5-A-3", "Tipo": "A", "Evaluacion": 80.0, "Fecha": "2020-01-27T04:07:24.968Z", "R1": "A", "R2": "A", "R3": "C", "R4": "C", "R5": "A", "R6": "-"}}, {"model": "pnl.ejercicio", "pk": 359, "fields": {"IdUsuario": 22, "IdSubtema": 2, "IdTem": 5, "Nombre": "E5-K-1", "Tipo": "K", "Evaluacion": 100.0, "Fecha": "2020-01-27T04:07:41.626Z", "R1": null, "R2": null, "R3": null, "R4": null, "R5": null, "R6": null}}, {"model": "pnl.ejercicio", "pk": 360, "fields": {"IdUsuario": 21, "IdSubtema": 15, "IdTem": 4, "Nombre": "E4-A-2", "Tipo": "A", "Evaluacion": 100.0, "Fecha": "2020-01-27T04:08:04.365Z", "R1": "A", "R2": "B", "R3": "A", "R4": "C", "R5": "A", "R6": "-"}}, {"model": "pnl.ejercicio", "pk": 361, "fields": {"IdUsuario": 12, "IdSubtema": 2, "IdTem": 5, "Nombre": "E5-K-1", "Tipo": "K", "Evaluacion": 100.0, "Fecha": "2020-01-27T04:08:08.504Z", "R1": null, "R2": null, "R3": null, "R4": null, "R5": null, "R6": null}}, {"model": "pnl.ejercicio", "pk": 362, "fields": {"IdUsuario": 22, "IdSubtema": 2, "IdTem": 5, "Nombre": "E5-K-2", "Tipo": "K", "Evaluacion": 100.0, "Fecha": "2020-01-27T04:08:20.207Z", "R1": null, "R2": null, "R3": null, "R4": null, "R5": null, "R6": null}}, {"model": "pnl.ejercicio", "pk": 363, "fields": {"IdUsuario": 21, "IdSubtema": 1, "IdTem": 4, "Nombre": "E4-K-2", "Tipo": "K", "Evaluacion": 100.0, "Fecha": "2020-01-27T04:09:15.453Z", "R1": null, "R2": null, "R3": null, "R4": null, "R5": null, "R6": null}}, {"model": "pnl.ejercicio", "pk": 364, "fields": {"IdUsuario": 21, "IdSubtema": 1, "IdTem": 4, "Nombre": "E4-K-1", "Tipo": "K", "Evaluacion": 100.0, "Fecha": "2020-01-27T04:09:30.034Z", "R1": null, "R2": null, "R3": null, "R4": null, "R5": null, "R6": null}}, {"model": "pnl.ejercicio", "pk": 365, "fields": {"IdUsuario": 21, "IdSubtema": 18, "IdTem": 5, "Nombre": "E5-V-2", "Tipo": "V", "Evaluacion": 100.0, "Fecha": "2020-01-27T04:12:04.209Z", "R1": "B", "R2": "A", "R3": "B", "R4": "A", "R5": "C", "R6": "-"}}, {"model": "pnl.ejercicio", "pk": 366, "fields": {"IdUsuario": 21, "IdSubtema": 17, "IdTem": 5, "Nombre": "E5-V-1", "Tipo": "V", "Evaluacion": 100.0, "Fecha": "2020-01-27T04:12:25.842Z", "R1": "A", "R2": "B", "R3": "C", "R4": "C", "R5": "A", "R6": "-"}}, {"model": "pnl.ejercicio", "pk": 367, "fields": {"IdUsuario": 21, "IdSubtema": 18, "IdTem": 5, "Nombre": "E5-A-2", "Tipo": "A", "Evaluacion": 100.0, "Fecha": "2020-01-27T04:12:57.252Z", "R1": "A", "R2": "B", "R3": "B", "R4": "C", "R5": "C", "R6": "-"}}, {"model": "pnl.ejercicio", "pk": 368, "fields": {"IdUsuario": 21, "IdSubtema": 2, "IdTem": 5, "Nombre": "E5-K-2", "Tipo": "K", "Evaluacion": 100.0, "Fecha": "2020-01-27T04:13:33.699Z", "R1": null, "R2": null, "R3": null, "R4": null, "R5": null, "R6": null}}, {"model": "pnl.ejercicio", "pk": 369, "fields": {"IdUsuario": 21, "IdSubtema": 2, "IdTem": 5, "Nombre": "E5-K-1", "Tipo": "K", "Evaluacion": 100.0, "Fecha": "2020-01-27T04:14:03.142Z", "R1": null, "R2": null, "R3": null, "R4": null, "R5": null, "R6": null}}, {"model": "pnl.ejercicio", "pk": 370, "fields": {"IdUsuario": 24, "IdSubtema": 1, "IdTem": 1, "Nombre": "E1-V-1", "Tipo": "V", "Evaluacion": 100.0, "Fecha": "2020-01-27T04:15:10.336Z", "R1": "B", "R2": "C", "R3": "A", "R4": "A", "R5": "B", "R6": "-"}}, {"model": "pnl.ejercicio", "pk": 371, "fields": {"IdUsuario": 24, "IdSubtema": 1, "IdTem": 1, "Nombre": "E1-V-2", "Tipo": "V", "Evaluacion": 100.0, "Fecha": "2020-01-27T04:15:35.895Z", "R1": "C", "R2": "A", "R3": "B", "R4": "B", "R5": "C", "R6": "-"}}, {"model": "pnl.ejercicio", "pk": 372, "fields": {"IdUsuario": 24, "IdSubtema": 2, "IdTem": 1, "Nombre": "E1-A-3", "Tipo": "A", "Evaluacion": 83.0, "Fecha": "2020-01-27T04:17:49.241Z", "R1": "C", "R2": "A", "R3": "C", "R4": "A", "R5": "A", "R6": "A"}}, {"model": "pnl.ejercicio", "pk": 373, "fields": {"IdUsuario": 24, "IdSubtema": 1, "IdTem": 1, "Nombre": "E1-K-1", "Tipo": "K", "Evaluacion": 100.0, "Fecha": "2020-01-27T04:18:55.017Z", "R1": null, "R2": null, "R3": null, "R4": null, "R5": null, "R6": null}}, {"model": "pnl.ejercicio", "pk": 374, "fields": {"IdUsuario": 24, "IdSubtema": 1, "IdTem": 1, "Nombre": "E1-K-2", "Tipo": "K", "Evaluacion": 100.0, "Fecha": "2020-01-27T04:19:32.649Z", "R1": null, "R2": null, "R3": null, "R4": null, "R5": null, "R6": null}}, {"model": "pnl.ejercicio", "pk": 375, "fields": {"IdUsuario": 24, "IdSubtema": 9, "IdTem": 2, "Nombre": "E2-V-3", "Tipo": "V", "Evaluacion": 80.0, "Fecha": "2020-01-27T04:21:16.731Z", "R1": "C", "R2": "A", "R3": "C", "R4": "C", "R5": "A", "R6": "-"}}, {"model": "pnl.ejercicio", "pk": 376, "fields": {"IdUsuario": 25, "IdSubtema": 1, "IdTem": 1, "Nombre": "E1-V-1", "Tipo": "V", "Evaluacion": 100.0, "Fecha": "2020-01-27T04:21:42.419Z", "R1": "B", "R2": "C", "R3": "A", "R4": "A", "R5": "B", "R6": "-"}}, {"model": "pnl.ejercicio", "pk": 377, "fields": {"IdUsuario": 24, "IdSubtema": 6, "IdTem": 2, "Nombre": "E2-V-2", "Tipo": "V", "Evaluacion": 83.0, "Fecha": "2020-01-27T04:21:53.788Z", "R1": "A", "R2": "B", "R3": "B", "R4": "B", "R5": "A", "R6": "B"}}, {"model": "pnl.ejercicio", "pk": 378, "fields": {"IdUsuario": 25, "IdSubtema": 1, "IdTem": 1, "Nombre": "E1-V-2", "Tipo": "V", "Evaluacion": 100.0, "Fecha": "2020-01-27T04:22:02.893Z", "R1": "C", "R2": "A", "R3": "B", "R4": "B", "R5": "C", "R6": "-"}}, {"model": "pnl.ejercicio", "pk": 379, "fields": {"IdUsuario": 25, "IdSubtema": 4, "IdTem": 1, "Nombre": "E1-A-1", "Tipo": "A", "Evaluacion": 100.0, "Fecha": "2020-01-27T04:22:31.861Z", "R1": "B", "R2": "C", "R3": "A", "R4": "B", "R5": "A", "R6": "B"}}, {"model": "pnl.ejercicio", "pk": 380, "fields": {"IdUsuario": 24, "IdSubtema": 7, "IdTem": 2, "Nombre": "E2-A-2", "Tipo": "A", "Evaluacion": 83.0, "Fecha": "2020-01-27T04:22:54.924Z", "R1": "A", "R2": "A", "R3": "C", "R4": "B", "R5": "A", "R6": "A"}}, {"model": "pnl.ejercicio", "pk": 381, "fields": {"IdUsuario": 25, "IdSubtema": 1, "IdTem": 1, "Nombre": "E1-K-2", "Tipo": "K", "Evaluacion": 100.0, "Fecha": "2020-01-27T04:23:12.286Z", "R1": null, "R2": null, "R3": null, "R4": null, "R5": null, "R6": null}}, {"model": "pnl.ejercicio", "pk": 382, "fields": {"IdUsuario": 24, "IdSubtema": 1, "IdTem": 2, "Nombre": "E2-K-1", "Tipo": "K", "Evaluacion": 100.0, "Fecha": "2020-01-27T04:23:14.023Z", "R1": null, "R2": null, "R3": null, "R4": null, "R5": null, "R6": null}}, {"model": "pnl.ejercicio", "pk": 383, "fields": {"IdUsuario": 24, "IdSubtema": 1, "IdTem": 2, "Nombre": "E2-K-3", "Tipo": "K", "Evaluacion": 100.0, "Fecha": "2020-01-27T04:23:41.714Z", "R1": null, "R2": null, "R3": null, "R4": null, "R5": null, "R6": null}}, {"model": "pnl.ejercicio", "pk": 384, "fields": {"IdUsuario": 25, "IdSubtema": 1, "IdTem": 1, "Nombre": "E1-K-1", "Tipo": "K", "Evaluacion": 100.0, "Fecha": "2020-01-27T04:23:44.581Z", "R1": null, "R2": null, "R3": null, "R4": null, "R5": null, "R6": null}}, {"model": "pnl.ejercicio", "pk": 385, "fields": {"IdUsuario": 24, "IdSubtema": 10, "IdTem": 3, "Nombre": "E3-V-1", "Tipo": "V", "Evaluacion": 83.0, "Fecha": "2020-01-27T04:24:36.824Z", "R1": "A", "R2": "A", "R3": "B", "R4": "C", "R5": "A", "R6": "B"}}, {"model": "pnl.ejercicio", "pk": 386, "fields": {"IdUsuario": 25, "IdSubtema": 6, "IdTem": 2, "Nombre": "E2-V-2", "Tipo": "V", "Evaluacion": 100.0, "Fecha": "2020-01-27T04:24:45.056Z", "R1": "A", "R2": "C", "R3": "B", "R4": "B", "R5": "A", "R6": "B"}}, {"model": "pnl.ejercicio", "pk": 387, "fields": {"IdUsuario": 25, "IdSubtema": 8, "IdTem": 2, "Nombre": "E2-V-1", "Tipo": "V", "Evaluacion": 100.0, "Fecha": "2020-01-27T04:25:16.343Z", "R1": "B", "R2": "C", "R3": "B", "R4": "A", "R5": "A", "R6": "C"}}, {"model": "pnl.ejercicio", "pk": 388, "fields": {"IdUsuario": 24, "IdSubtema": 13, "IdTem": 4, "Nombre": "E4-V-1", "Tipo": "V", "Evaluacion": 80.0, "Fecha": "2020-01-27T04:25:30.735Z", "R1": "A", "R2": "A", "R3": "C", "R4": "B", "R5": "C", "R6": "-"}}, {"model": "pnl.ejercicio", "pk": 389, "fields": {"IdUsuario": 25, "IdSubtema": 5, "IdTem": 2, "Nombre": "E2-A-1", "Tipo": "A", "Evaluacion": 100.0, "Fecha": "2020-01-27T04:25:59.179Z", "R1": "A", "R2": "C", "R3": "A", "R4": "B", "R5": "B", "R6": "C"}}, {"model": "pnl.ejercicio", "pk": 390, "fields": {"IdUsuario": 24, "IdSubtema": 14, "IdTem": 4, "Nombre": "E4-V-2", "Tipo": "V", "Evaluacion": 80.0, "Fecha": "2020-01-27T04:26:06.344Z", "R1": "C", "R2": "A", "R3": "C", "R4": "A", "R5": "B", "R6": "-"}}, {"model": "pnl.ejercicio", "pk": 391, "fields": {"IdUsuario": 24, "IdSubtema": 15, "IdTem": 4, "Nombre": "E4-A-2", "Tipo": "A", "Evaluacion": 80.0, "Fecha": "2020-01-27T04:26:26.885Z", "R1": "A", "R2": "B", "R3": "C", "R4": "C", "R5": "A", "R6": "-"}}, {"model": "pnl.ejercicio", "pk": 392, "fields": {"IdUsuario": 25, "IdSubtema": 1, "IdTem": 2, "Nombre": "E2-K-3", "Tipo": "K", "Evaluacion": 100.0, "Fecha": "2020-01-27T04:26:39.816Z", "R1": null, "R2": null, "R3": null, "R4": null, "R5": null, "R6": null}}, {"model": "pnl.ejercicio", "pk": 393, "fields": {"IdUsuario": 24, "IdSubtema": 1, "IdTem": 4, "Nombre": "E4-K-2", "Tipo": "K", "Evaluacion": 100.0, "Fecha": "2020-01-27T04:27:50.778Z", "R1": null, "R2": null, "R3": null, "R4": null, "R5": null, "R6": null}}, {"model": "pnl.ejercicio", "pk": 394, "fields": {"IdUsuario": 24, "IdSubtema": 2, "IdTem": 4, "Nombre": "E4-K-3", "Tipo": "K", "Evaluacion": 100.0, "Fecha": "2020-01-27T04:28:00.863Z", "R1": null, "R2": null, "R3": null, "R4": null, "R5": null, "R6": null}}, {"model": "pnl.ejercicio", "pk": 395, "fields": {"IdUsuario": 24, "IdSubtema": 17, "IdTem": 5, "Nombre": "E5-V-1", "Tipo": "V", "Evaluacion": 80.0, "Fecha": "2020-01-27T04:28:22.699Z", "R1": "A", "R2": "B", "R3": "C", "R4": "A", "R5": "A", "R6": "-"}}, {"model": "pnl.ejercicio", "pk": 396, "fields": {"IdUsuario": 24, "IdSubtema": 18, "IdTem": 5, "Nombre": "E5-V-2", "Tipo": "V", "Evaluacion": 80.0, "Fecha": "2020-01-27T04:28:46.294Z", "R1": "B", "R2": "B", "R3": "B", "R4": "A", "R5": "C", "R6": "-"}}, {"model": "pnl.ejercicio", "pk": 397, "fields": {"IdUsuario": 25, "IdSubtema": 1, "IdTem": 2, "Nombre": "E2-K-2", "Tipo": "K", "Evaluacion": 100.0, "Fecha": "2020-01-27T04:29:22.876Z", "R1": null, "R2": null, "R3": null, "R4": null, "R5": null, "R6": null}}, {"model": "pnl.ejercicio", "pk": 398, "fields": {"IdUsuario": 25, "IdSubtema": 12, "IdTem": 3, "Nombre": "E3-V-3", "Tipo": "V", "Evaluacion": 100.0, "Fecha": "2020-01-27T04:31:00.307Z", "R1": "B", "R2": "C", "R3": "A", "R4": "A", "R5": "C", "R6": "-"}}, {"model": "pnl.ejercicio", "pk": 399, "fields": {"IdUsuario": 25, "IdSubtema": 11, "IdTem": 3, "Nombre": "E3-V-2", "Tipo": "V", "Evaluacion": 100.0, "Fecha": "2020-01-27T04:31:18.804Z", "R1": "A", "R2": "A", "R3": "C", "R4": "C", "R5": "B", "R6": "-"}}, {"model": "pnl.ejercicio", "pk": 400, "fields": {"IdUsuario": 25, "IdSubtema": 11, "IdTem": 3, "Nombre": "E3-A-2", "Tipo": "A", "Evaluacion": 100.0, "Fecha": "2020-01-27T04:31:43.469Z", "R1": "A", "R2": "C", "R3": "C", "R4": "B", "R5": "A", "R6": "-"}}, {"model": "pnl.ejercicio", "pk": 401, "fields": {"IdUsuario": 25, "IdSubtema": 2, "IdTem": 3, "Nombre": "E3-K-1", "Tipo": "K", "Evaluacion": 100.0, "Fecha": "2020-01-27T04:32:21.068Z", "R1": null, "R2": null, "R3": null, "R4": null, "R5": null, "R6": null}}, {"model": "pnl.ejercicio", "pk": 402, "fields": {"IdUsuario": 25, "IdSubtema": 3, "IdTem": 3, "Nombre": "E3-K-2", "Tipo": "K", "Evaluacion": 100.0, "Fecha": "2020-01-27T04:32:31.151Z", "R1": null, "R2": null, "R3": null, "R4": null, "R5": null, "R6": null}}, {"model": "pnl.ejercicio", "pk": 403, "fields": {"IdUsuario": 23, "IdSubtema": 1, "IdTem": 1, "Nombre": "E1-V-2", "Tipo": "V", "Evaluacion": 100.0, "Fecha": "2020-01-27T04:32:48.105Z", "R1": "C", "R2": "A", "R3": "B", "R4": "B", "R5": "C", "R6": "-"}}, {"model": "pnl.ejercicio", "pk": 404, "fields": {"IdUsuario": 23, "IdSubtema": 1, "IdTem": 1, "Nombre": "E1-V-1", "Tipo": "V", "Evaluacion": 100.0, "Fecha": "2020-01-27T04:33:07.230Z", "R1": "B", "R2": "C", "R3": "A", "R4": "A", "R5": "B", "R6": "-"}}, {"model": "pnl.ejercicio", "pk": 405, "fields": {"IdUsuario": 25, "IdSubtema": 14, "IdTem": 4, "Nombre": "E4-V-2", "Tipo": "V", "Evaluacion": 100.0, "Fecha": "2020-01-27T04:33:46.826Z", "R1": "C", "R2": "A", "R3": "B", "R4": "A", "R5": "B", "R6": "-"}}, {"model": "pnl.ejercicio", "pk": 406, "fields": {"IdUsuario": 23, "IdSubtema": 2, "IdTem": 1, "Nombre": "E1-A-3", "Tipo": "A", "Evaluacion": 83.0, "Fecha": "2020-01-27T04:34:04.077Z", "R1": "C", "R2": "A", "R3": "C", "R4": "B", "R5": "B", "R6": "A"}}, {"model": "pnl.ejercicio", "pk": 407, "fields": {"IdUsuario": 23, "IdSubtema": 1, "IdTem": 1, "Nombre": "E1-K-2", "Tipo": "K", "Evaluacion": 100.0, "Fecha": "2020-01-27T04:34:36.172Z", "R1": null, "R2": null, "R3": null, "R4": null, "R5": null, "R6": null}}, {"model": "pnl.ejercicio", "pk": 408, "fields": {"IdUsuario": 23, "IdSubtema": 1, "IdTem": 1, "Nombre": "E1-K-1", "Tipo": "K", "Evaluacion": 100.0, "Fecha": "2020-01-27T04:34:55.768Z", "R1": null, "R2": null, "R3": null, "R4": null, "R5": null, "R6": null}}, {"model": "pnl.ejercicio", "pk": 409, "fields": {"IdUsuario": 25, "IdSubtema": 13, "IdTem": 4, "Nombre": "E4-V-1", "Tipo": "V", "Evaluacion": 100.0, "Fecha": "2020-01-27T04:36:44.500Z", "R1": "B", "R2": "A", "R3": "C", "R4": "B", "R5": "C", "R6": "-"}}, {"model": "pnl.ejercicio", "pk": 410, "fields": {"IdUsuario": 25, "IdSubtema": 16, "IdTem": 4, "Nombre": "E4-A-3", "Tipo": "A", "Evaluacion": 100.0, "Fecha": "2020-01-27T04:37:11.317Z", "R1": "B", "R2": "B", "R3": "C", "R4": "B", "R5": "B", "R6": "-"}}, {"model": "pnl.ejercicio", "pk": 411, "fields": {"IdUsuario": 25, "IdSubtema": 2, "IdTem": 4, "Nombre": "E4-K-3", "Tipo": "K", "Evaluacion": 100.0, "Fecha": "2020-01-27T04:37:27.652Z", "R1": null, "R2": null, "R3": null, "R4": null, "R5": null, "R6": null}}, {"model": "pnl.ejercicio", "pk": 412, "fields": {"IdUsuario": 13, "IdSubtema": 1, "IdTem": 1, "Nombre": "E1-V-1", "Tipo": "V", "Evaluacion": 80.0, "Fecha": "2020-01-27T04:37:29.047Z", "R1": "B", "R2": "C", "R3": "A", "R4": "B", "R5": "B", "R6": "-"}}, {"model": "pnl.ejercicio", "pk": 413, "fields": {"IdUsuario": 25, "IdSubtema": 1, "IdTem": 4, "Nombre": "E4-K-1", "Tipo": "K", "Evaluacion": 100.0, "Fecha": "2020-01-27T04:37:38.619Z", "R1": null, "R2": null, "R3": null, "R4": null, "R5": null, "R6": null}}, {"model": "pnl.ejercicio", "pk": 414, "fields": {"IdUsuario": 23, "IdSubtema": 9, "IdTem": 2, "Nombre": "E2-V-3", "Tipo": "V", "Evaluacion": 80.0, "Fecha": "2020-01-27T04:38:03.267Z", "R1": "C", "R2": "B", "R3": "C", "R4": "C", "R5": "B", "R6": "-"}}, {"model": "pnl.ejercicio", "pk": 415, "fields": {"IdUsuario": 25, "IdSubtema": 19, "IdTem": 5, "Nombre": "E5-V-3", "Tipo": "V", "Evaluacion": 100.0, "Fecha": "2020-01-27T04:38:38.410Z", "R1": "A", "R2": "A", "R3": "C", "R4": "C", "R5": "A", "R6": "-"}}, {"model": "pnl.ejercicio", "pk": 416, "fields": {"IdUsuario": 25, "IdSubtema": 18, "IdTem": 5, "Nombre": "E5-V-2", "Tipo": "V", "Evaluacion": 100.0, "Fecha": "2020-01-27T04:39:00.768Z", "R1": "B", "R2": "A", "R3": "B", "R4": "A", "R5": "C", "R6": "-"}}, {"model": "pnl.ejercicio", "pk": 417, "fields": {"IdUsuario": 13, "IdSubtema": 3, "IdTem": 1, "Nombre": "E1-V-3", "Tipo": "V", "Evaluacion": 100.0, "Fecha": "2020-01-27T04:39:02.210Z", "R1": "A", "R2": "C", "R3": "B", "R4": "C", "R5": "B", "R6": "A"}}, {"model": "pnl.ejercicio", "pk": 418, "fields": {"IdUsuario": 25, "IdSubtema": 18, "IdTem": 5, "Nombre": "E5-A-2", "Tipo": "A", "Evaluacion": 100.0, "Fecha": "2020-01-27T04:39:27.562Z", "R1": "A", "R2": "B", "R3": "B", "R4": "C", "R5": "C", "R6": "-"}}, {"model": "pnl.ejercicio", "pk": 419, "fields": {"IdUsuario": 25, "IdSubtema": 2, "IdTem": 5, "Nombre": "E5-K-2", "Tipo": "K", "Evaluacion": 100.0, "Fecha": "2020-01-27T04:39:50.478Z", "R1": null, "R2": null, "R3": null, "R4": null, "R5": null, "R6": null}}, {"model": "pnl.ejercicio", "pk": 420, "fields": {"IdUsuario": 13, "IdSubtema": 1, "IdTem": 1, "Nombre": "E1-A-2", "Tipo": "A", "Evaluacion": 100.0, "Fecha": "2020-01-27T04:39:51.663Z", "R1": "B", "R2": "B", "R3": "A", "R4": "B", "R5": "C", "R6": "-"}}, {"model": "pnl.ejercicio", "pk": 421, "fields": {"IdUsuario": 25, "IdSubtema": 2, "IdTem": 5, "Nombre": "E5-K-1", "Tipo": "K", "Evaluacion": 100.0, "Fecha": "2020-01-27T04:40:02.856Z", "R1": null, "R2": null, "R3": null, "R4": null, "R5": null, "R6": null}}, {"model": "pnl.ejercicio", "pk": 422, "fields": {"IdUsuario": 23, "IdSubtema": 6, "IdTem": 2, "Nombre": "E2-V-2", "Tipo": "V", "Evaluacion": 100.0, "Fecha": "2020-01-27T04:40:44.483Z", "R1": "A", "R2": "C", "R3": "B", "R4": "B", "R5": "A", "R6": "B"}}, {"model": "pnl.ejercicio", "pk": 423, "fields": {"IdUsuario": 13, "IdSubtema": 1, "IdTem": 1, "Nombre": "E1-K-2", "Tipo": "K", "Evaluacion": 100.0, "Fecha": "2020-01-27T04:40:45.879Z", "R1": null, "R2": null, "R3": null, "R4": null, "R5": null, "R6": null}}, {"model": "pnl.ejercicio", "pk": 424, "fields": {"IdUsuario": 13, "IdSubtema": 1, "IdTem": 1, "Nombre": "E1-K-3", "Tipo": "K", "Evaluacion": 100.0, "Fecha": "2020-01-27T04:42:53.322Z", "R1": null, "R2": null, "R3": null, "R4": null, "R5": null, "R6": null}}, {"model": "pnl.ejercicio", "pk": 425, "fields": {"IdUsuario": 23, "IdSubtema": 7, "IdTem": 2, "Nombre": "E2-A-2", "Tipo": "A", "Evaluacion": 83.0, "Fecha": "2020-01-27T04:42:59.467Z", "R1": "C", "R2": "A", "R3": "C", "R4": "B", "R5": "C", "R6": "A"}}, {"model": "pnl.ejercicio", "pk": 426, "fields": {"IdUsuario": 23, "IdSubtema": 1, "IdTem": 2, "Nombre": "E2-K-1", "Tipo": "K", "Evaluacion": 100.0, "Fecha": "2020-01-27T04:43:09.068Z", "R1": null, "R2": null, "R3": null, "R4": null, "R5": null, "R6": null}}, {"model": "pnl.ejercicio", "pk": 427, "fields": {"IdUsuario": 23, "IdSubtema": 1, "IdTem": 2, "Nombre": "E2-K-2", "Tipo": "K", "Evaluacion": 100.0, "Fecha": "2020-01-27T04:43:20.805Z", "R1": null, "R2": null, "R3": null, "R4": null, "R5": null, "R6": null}}, {"model": "pnl.ejercicio", "pk": 428, "fields": {"IdUsuario": 13, "IdSubtema": 6, "IdTem": 2, "Nombre": "E2-V-2", "Tipo": "V", "Evaluacion": 83.0, "Fecha": "2020-01-27T04:44:25.764Z", "R1": "A", "R2": "C", "R3": "B", "R4": "B", "R5": "A", "R6": "A"}}, {"model": "pnl.ejercicio", "pk": 429, "fields": {"IdUsuario": 23, "IdSubtema": 11, "IdTem": 3, "Nombre": "E3-V-2", "Tipo": "V", "Evaluacion": 100.0, "Fecha": "2020-01-27T04:45:28.119Z", "R1": "A", "R2": "A", "R3": "C", "R4": "C", "R5": "B", "R6": "-"}}, {"model": "pnl.ejercicio", "pk": 430, "fields": {"IdUsuario": 13, "IdSubtema": 8, "IdTem": 2, "Nombre": "E2-V-1", "Tipo": "V", "Evaluacion": 100.0, "Fecha": "2020-01-27T04:45:48.319Z", "R1": "B", "R2": "C", "R3": "B", "R4": "A", "R5": "A", "R6": "C"}}, {"model": "pnl.ejercicio", "pk": 431, "fields": {"IdUsuario": 26, "IdSubtema": 3, "IdTem": 1, "Nombre": "E1-V-3", "Tipo": "V", "Evaluacion": 100.0, "Fecha": "2020-01-27T04:45:50.139Z", "R1": "A", "R2": "C", "R3": "B", "R4": "C", "R5": "B", "R6": "A"}}, {"model": "pnl.ejercicio", "pk": 432, "fields": {"IdUsuario": 23, "IdSubtema": 12, "IdTem": 3, "Nombre": "E3-V-3", "Tipo": "V", "Evaluacion": 80.0, "Fecha": "2020-01-27T04:46:12.701Z", "R1": "A", "R2": "C", "R3": "A", "R4": "A", "R5": "C", "R6": "-"}}, {"model": "pnl.ejercicio", "pk": 433, "fields": {"IdUsuario": 26, "IdSubtema": 4, "IdTem": 1, "Nombre": "E1-A-1", "Tipo": "A", "Evaluacion": 100.0, "Fecha": "2020-01-27T04:46:19.586Z", "R1": "B", "R2": "C", "R3": "A", "R4": "B", "R5": "A", "R6": "B"}}, {"model": "pnl.ejercicio", "pk": 434, "fields": {"IdUsuario": 23, "IdSubtema": 12, "IdTem": 3, "Nombre": "E3-A-3", "Tipo": "A", "Evaluacion": 100.0, "Fecha": "2020-01-27T04:46:49.323Z", "R1": "A", "R2": "C", "R3": "A", "R4": "B", "R5": "C", "R6": "-"}}, {"model": "pnl.ejercicio", "pk": 435, "fields": {"IdUsuario": 26, "IdSubtema": 1, "IdTem": 1, "Nombre": "E1-K-1", "Tipo": "K", "Evaluacion": 100.0, "Fecha": "2020-01-27T04:46:58.616Z", "R1": null, "R2": null, "R3": null, "R4": null, "R5": null, "R6": null}}, {"model": "pnl.ejercicio", "pk": 436, "fields": {"IdUsuario": 23, "IdSubtema": 3, "IdTem": 3, "Nombre": "E3-K-3", "Tipo": "K", "Evaluacion": 100.0, "Fecha": "2020-01-27T04:47:00.793Z", "R1": null, "R2": null, "R3": null, "R4": null, "R5": null, "R6": null}}, {"model": "pnl.ejercicio", "pk": 437, "fields": {"IdUsuario": 23, "IdSubtema": 2, "IdTem": 3, "Nombre": "E3-K-1", "Tipo": "K", "Evaluacion": 100.0, "Fecha": "2020-01-27T04:47:10.595Z", "R1": null, "R2": null, "R3": null, "R4": null, "R5": null, "R6": null}}, {"model": "pnl.ejercicio", "pk": 438, "fields": {"IdUsuario": 23, "IdSubtema": 13, "IdTem": 4, "Nombre": "E4-V-1", "Tipo": "V", "Evaluacion": 80.0, "Fecha": "2020-01-27T04:48:11.199Z", "R1": "B", "R2": "A", "R3": "C", "R4": "B", "R5": "A", "R6": "-"}}, {"model": "pnl.ejercicio", "pk": 439, "fields": {"IdUsuario": 26, "IdSubtema": 1, "IdTem": 1, "Nombre": "E1-K-3", "Tipo": "K", "Evaluacion": 100.0, "Fecha": "2020-01-27T04:49:09.581Z", "R1": null, "R2": null, "R3": null, "R4": null, "R5": null, "R6": null}}, {"model": "pnl.ejercicio", "pk": 440, "fields": {"IdUsuario": 26, "IdSubtema": 1, "IdTem": 1, "Nombre": "E1-K-2", "Tipo": "K", "Evaluacion": 100.0, "Fecha": "2020-01-27T04:49:28.423Z", "R1": null, "R2": null, "R3": null, "R4": null, "R5": null, "R6": null}}, {"model": "pnl.ejercicio", "pk": 441, "fields": {"IdUsuario": 23, "IdSubtema": 14, "IdTem": 4, "Nombre": "E4-V-2", "Tipo": "V", "Evaluacion": 100.0, "Fecha": "2020-01-27T04:49:46.975Z", "R1": "C", "R2": "A", "R3": "B", "R4": "A", "R5": "B", "R6": "-"}}, {"model": "pnl.ejercicio", "pk": 442, "fields": {"IdUsuario": 13, "IdSubtema": 8, "IdTem": 2, "Nombre": "E2-A-3", "Tipo": "A", "Evaluacion": 100.0, "Fecha": "2020-01-27T04:49:57.071Z", "R1": "A", "R2": "A", "R3": "C", "R4": "B", "R5": "A", "R6": "B"}}, {"model": "pnl.ejercicio", "pk": 443, "fields": {"IdUsuario": 26, "IdSubtema": 6, "IdTem": 2, "Nombre": "E2-V-2", "Tipo": "V", "Evaluacion": 100.0, "Fecha": "2020-01-27T04:50:07.236Z", "R1": "A", "R2": "C", "R3": "B", "R4": "B", "R5": "A", "R6": "B"}}, {"model": "pnl.ejercicio", "pk": 444, "fields": {"IdUsuario": 13, "IdSubtema": 1, "IdTem": 2, "Nombre": "E2-K-2", "Tipo": "K", "Evaluacion": 100.0, "Fecha": "2020-01-27T04:50:16.723Z", "R1": null, "R2": null, "R3": null, "R4": null, "R5": null, "R6": null}}, {"model": "pnl.ejercicio", "pk": 445, "fields": {"IdUsuario": 23, "IdSubtema": 16, "IdTem": 4, "Nombre": "E4-A-3", "Tipo": "A", "Evaluacion": 80.0, "Fecha": "2020-01-27T04:50:23.153Z", "R1": "B", "R2": "B", "R3": "C", "R4": "B", "R5": "C", "R6": "-"}}, {"model": "pnl.ejercicio", "pk": 446, "fields": {"IdUsuario": 26, "IdSubtema": 5, "IdTem": 2, "Nombre": "E2-A-1", "Tipo": "A", "Evaluacion": 100.0, "Fecha": "2020-01-27T04:50:28.795Z", "R1": "A", "R2": "C", "R3": "A", "R4": "B", "R5": "B", "R6": "C"}}, {"model": "pnl.ejercicio", "pk": 447, "fields": {"IdUsuario": 26, "IdSubtema": 1, "IdTem": 2, "Nombre": "E2-K-2", "Tipo": "K", "Evaluacion": 100.0, "Fecha": "2020-01-27T04:50:38.561Z", "R1": null, "R2": null, "R3": null, "R4": null, "R5": null, "R6": null}}, {"model": "pnl.ejercicio", "pk": 448, "fields": {"IdUsuario": 13, "IdSubtema": 1, "IdTem": 2, "Nombre": "E2-K-3", "Tipo": "K", "Evaluacion": 100.0, "Fecha": "2020-01-27T04:50:49.571Z", "R1": null, "R2": null, "R3": null, "R4": null, "R5": null, "R6": null}}, {"model": "pnl.ejercicio", "pk": 449, "fields": {"IdUsuario": 26, "IdSubtema": 1, "IdTem": 2, "Nombre": "E2-K-3", "Tipo": "K", "Evaluacion": 100.0, "Fecha": "2020-01-27T04:50:58.932Z", "R1": null, "R2": null, "R3": null, "R4": null, "R5": null, "R6": null}}, {"model": "pnl.ejercicio", "pk": 450, "fields": {"IdUsuario": 26, "IdSubtema": 1, "IdTem": 2, "Nombre": "E2-K-1", "Tipo": "K", "Evaluacion": 100.0, "Fecha": "2020-01-27T04:51:06.491Z", "R1": null, "R2": null, "R3": null, "R4": null, "R5": null, "R6": null}}, {"model": "pnl.ejercicio", "pk": 451, "fields": {"IdUsuario": 23, "IdSubtema": 1, "IdTem": 4, "Nombre": "E4-K-2", "Tipo": "K", "Evaluacion": 100.0, "Fecha": "2020-01-27T04:51:15.435Z", "R1": null, "R2": null, "R3": null, "R4": null, "R5": null, "R6": null}}, {"model": "pnl.ejercicio", "pk": 452, "fields": {"IdUsuario": 26, "IdSubtema": 10, "IdTem": 3, "Nombre": "E3-V-1", "Tipo": "V", "Evaluacion": 100.0, "Fecha": "2020-01-27T04:51:41.070Z", "R1": "C", "R2": "A", "R3": "B", "R4": "C", "R5": "A", "R6": "B"}}, {"model": "pnl.ejercicio", "pk": 453, "fields": {"IdUsuario": 23, "IdSubtema": 2, "IdTem": 4, "Nombre": "E4-K-3", "Tipo": "K", "Evaluacion": 100.0, "Fecha": "2020-01-27T04:51:43.747Z", "R1": null, "R2": null, "R3": null, "R4": null, "R5": null, "R6": null}}, {"model": "pnl.ejercicio", "pk": 454, "fields": {"IdUsuario": 26, "IdSubtema": 11, "IdTem": 3, "Nombre": "E3-A-2", "Tipo": "A", "Evaluacion": 100.0, "Fecha": "2020-01-27T04:52:01.985Z", "R1": "A", "R2": "C", "R3": "C", "R4": "B", "R5": "A", "R6": "-"}}, {"model": "pnl.ejercicio", "pk": 455, "fields": {"IdUsuario": 26, "IdSubtema": 2, "IdTem": 3, "Nombre": "E3-K-1", "Tipo": "K", "Evaluacion": 100.0, "Fecha": "2020-01-27T04:52:09.235Z", "R1": null, "R2": null, "R3": null, "R4": null, "R5": null, "R6": null}}, {"model": "pnl.ejercicio", "pk": 456, "fields": {"IdUsuario": 26, "IdSubtema": 3, "IdTem": 3, "Nombre": "E3-K-2", "Tipo": "K", "Evaluacion": 100.0, "Fecha": "2020-01-27T04:52:28.051Z", "R1": null, "R2": null, "R3": null, "R4": null, "R5": null, "R6": null}}, {"model": "pnl.ejercicio", "pk": 457, "fields": {"IdUsuario": 26, "IdSubtema": 3, "IdTem": 3, "Nombre": "E3-K-3", "Tipo": "K", "Evaluacion": 100.0, "Fecha": "2020-01-27T04:52:37.841Z", "R1": null, "R2": null, "R3": null, "R4": null, "R5": null, "R6": null}}, {"model": "pnl.ejercicio", "pk": 458, "fields": {"IdUsuario": 26, "IdSubtema": 13, "IdTem": 4, "Nombre": "E4-V-1", "Tipo": "V", "Evaluacion": 100.0, "Fecha": "2020-01-27T04:53:12.208Z", "R1": "B", "R2": "A", "R3": "C", "R4": "B", "R5": "C", "R6": "-"}}, {"model": "pnl.ejercicio", "pk": 459, "fields": {"IdUsuario": 26, "IdSubtema": 15, "IdTem": 4, "Nombre": "E4-A-2", "Tipo": "A", "Evaluacion": 100.0, "Fecha": "2020-01-27T04:53:32.230Z", "R1": "A", "R2": "B", "R3": "A", "R4": "C", "R5": "A", "R6": "-"}}, {"model": "pnl.ejercicio", "pk": 460, "fields": {"IdUsuario": 23, "IdSubtema": 18, "IdTem": 5, "Nombre": "E5-V-2", "Tipo": "V", "Evaluacion": 100.0, "Fecha": "2020-01-27T04:53:46.590Z", "R1": "B", "R2": "A", "R3": "B", "R4": "A", "R5": "C", "R6": "-"}}, {"model": "pnl.ejercicio", "pk": 461, "fields": {"IdUsuario": 23, "IdSubtema": 17, "IdTem": 5, "Nombre": "E5-V-1", "Tipo": "V", "Evaluacion": 100.0, "Fecha": "2020-01-27T04:54:01.733Z", "R1": "A", "R2": "B", "R3": "C", "R4": "C", "R5": "A", "R6": "-"}}, {"model": "pnl.ejercicio", "pk": 462, "fields": {"IdUsuario": 26, "IdSubtema": 1, "IdTem": 4, "Nombre": "E4-K-2", "Tipo": "K", "Evaluacion": 100.0, "Fecha": "2020-01-27T04:54:05.027Z", "R1": null, "R2": null, "R3": null, "R4": null, "R5": null, "R6": null}}, {"model": "pnl.ejercicio", "pk": 463, "fields": {"IdUsuario": 26, "IdSubtema": 2, "IdTem": 4, "Nombre": "E4-K-3", "Tipo": "K", "Evaluacion": 100.0, "Fecha": "2020-01-27T04:54:13.539Z", "R1": null, "R2": null, "R3": null, "R4": null, "R5": null, "R6": null}}, {"model": "pnl.ejercicio", "pk": 464, "fields": {"IdUsuario": 26, "IdSubtema": 1, "IdTem": 4, "Nombre": "E4-K-1", "Tipo": "K", "Evaluacion": 100.0, "Fecha": "2020-01-27T04:54:25.484Z", "R1": null, "R2": null, "R3": null, "R4": null, "R5": null, "R6": null}}, {"model": "pnl.ejercicio", "pk": 465, "fields": {"IdUsuario": 23, "IdSubtema": 17, "IdTem": 5, "Nombre": "E5-A-1", "Tipo": "A", "Evaluacion": 80.0, "Fecha": "2020-01-27T04:54:55.785Z", "R1": "C", "R2": "B", "R3": "B", "R4": "B", "R5": "C", "R6": "-"}}, {"model": "pnl.ejercicio", "pk": 466, "fields": {"IdUsuario": 26, "IdSubtema": 17, "IdTem": 5, "Nombre": "E5-V-1", "Tipo": "V", "Evaluacion": 100.0, "Fecha": "2020-01-27T04:54:56.216Z", "R1": "A", "R2": "B", "R3": "C", "R4": "C", "R5": "A", "R6": "-"}}, {"model": "pnl.ejercicio", "pk": 467, "fields": {"IdUsuario": 23, "IdSubtema": 2, "IdTem": 5, "Nombre": "E5-K-1", "Tipo": "K", "Evaluacion": 100.0, "Fecha": "2020-01-27T04:55:07.835Z", "R1": null, "R2": null, "R3": null, "R4": null, "R5": null, "R6": null}}, {"model": "pnl.ejercicio", "pk": 468, "fields": {"IdUsuario": 26, "IdSubtema": 17, "IdTem": 5, "Nombre": "E5-A-1", "Tipo": "A", "Evaluacion": 100.0, "Fecha": "2020-01-27T04:55:25.494Z", "R1": "C", "R2": "B", "R3": "B", "R4": "B", "R5": "A", "R6": "-"}}, {"model": "pnl.ejercicio", "pk": 469, "fields": {"IdUsuario": 26, "IdSubtema": 2, "IdTem": 5, "Nombre": "E5-K-1", "Tipo": "K", "Evaluacion": 100.0, "Fecha": "2020-01-27T04:55:35.483Z", "R1": null, "R2": null, "R3": null, "R4": null, "R5": null, "R6": null}}, {"model": "pnl.ejercicio", "pk": 470, "fields": {"IdUsuario": 23, "IdSubtema": 2, "IdTem": 5, "Nombre": "E5-K-2", "Tipo": "K", "Evaluacion": 100.0, "Fecha": "2020-01-27T04:55:52.269Z", "R1": null, "R2": null, "R3": null, "R4": null, "R5": null, "R6": null}}, {"model": "pnl.ejercicio", "pk": 471, "fields": {"IdUsuario": 26, "IdSubtema": 1, "IdTem": 5, "Nombre": "E5-K-4", "Tipo": "K", "Evaluacion": 100.0, "Fecha": "2020-01-27T04:56:08.690Z", "R1": null, "R2": null, "R3": null, "R4": null, "R5": null, "R6": null}}, {"model": "pnl.ejercicio", "pk": 472, "fields": {"IdUsuario": 26, "IdSubtema": 2, "IdTem": 5, "Nombre": "E5-K-2", "Tipo": "K", "Evaluacion": 100.0, "Fecha": "2020-01-27T04:56:15.737Z", "R1": null, "R2": null, "R3": null, "R4": null, "R5": null, "R6": null}}, {"model": "pnl.ejercicio", "pk": 473, "fields": {"IdUsuario": 27, "IdSubtema": 1, "IdTem": 1, "Nombre": "E1-V-1", "Tipo": "V", "Evaluacion": 100.0, "Fecha": "2020-01-27T05:00:16.998Z", "R1": "B", "R2": "C", "R3": "A", "R4": "A", "R5": "B", "R6": "-"}}, {"model": "pnl.ejercicio", "pk": 474, "fields": {"IdUsuario": 27, "IdSubtema": 3, "IdTem": 1, "Nombre": "E1-V-3", "Tipo": "V", "Evaluacion": 100.0, "Fecha": "2020-01-27T05:00:40.158Z", "R1": "A", "R2": "C", "R3": "B", "R4": "C", "R5": "B", "R6": "A"}}, {"model": "pnl.ejercicio", "pk": 475, "fields": {"IdUsuario": 27, "IdSubtema": 1, "IdTem": 1, "Nombre": "E1-A-2", "Tipo": "A", "Evaluacion": 100.0, "Fecha": "2020-01-27T05:01:10.869Z", "R1": "B", "R2": "B", "R3": "A", "R4": "B", "R5": "C", "R6": "-"}}, {"model": "pnl.ejercicio", "pk": 476, "fields": {"IdUsuario": 27, "IdSubtema": 1, "IdTem": 1, "Nombre": "E1-K-3", "Tipo": "K", "Evaluacion": 100.0, "Fecha": "2020-01-27T05:02:05.672Z", "R1": null, "R2": null, "R3": null, "R4": null, "R5": null, "R6": null}}, {"model": "pnl.ejercicio", "pk": 477, "fields": {"IdUsuario": 27, "IdSubtema": 1, "IdTem": 1, "Nombre": "E1-K-1", "Tipo": "K", "Evaluacion": 100.0, "Fecha": "2020-01-27T05:02:33.476Z", "R1": null, "R2": null, "R3": null, "R4": null, "R5": null, "R6": null}}, {"model": "pnl.ejercicio", "pk": 478, "fields": {"IdUsuario": 27, "IdSubtema": 8, "IdTem": 2, "Nombre": "E2-V-1", "Tipo": "V", "Evaluacion": 100.0, "Fecha": "2020-01-27T05:03:37.865Z", "R1": "B", "R2": "C", "R3": "B", "R4": "A", "R5": "A", "R6": "C"}}, {"model": "pnl.ejercicio", "pk": 479, "fields": {"IdUsuario": 27, "IdSubtema": 6, "IdTem": 2, "Nombre": "E2-V-2", "Tipo": "V", "Evaluacion": 100.0, "Fecha": "2020-01-27T05:03:56.285Z", "R1": "A", "R2": "C", "R3": "B", "R4": "B", "R5": "A", "R6": "B"}}, {"model": "pnl.ejercicio", "pk": 480, "fields": {"IdUsuario": 27, "IdSubtema": 7, "IdTem": 2, "Nombre": "E2-A-2", "Tipo": "A", "Evaluacion": 83.0, "Fecha": "2020-01-27T05:04:51.271Z", "R1": "C", "R2": "A", "R3": "C", "R4": "B", "R5": "A", "R6": "B"}}, {"model": "pnl.ejercicio", "pk": 481, "fields": {"IdUsuario": 27, "IdSubtema": 1, "IdTem": 2, "Nombre": "E2-K-3", "Tipo": "K", "Evaluacion": 100.0, "Fecha": "2020-01-27T05:05:18.818Z", "R1": null, "R2": null, "R3": null, "R4": null, "R5": null, "R6": null}}, {"model": "pnl.ejercicio", "pk": 482, "fields": {"IdUsuario": 27, "IdSubtema": 1, "IdTem": 2, "Nombre": "E2-K-2", "Tipo": "K", "Evaluacion": 100.0, "Fecha": "2020-01-27T05:05:28.060Z", "R1": null, "R2": null, "R3": null, "R4": null, "R5": null, "R6": null}}, {"model": "pnl.ejercicio", "pk": 483, "fields": {"IdUsuario": 13, "IdSubtema": 11, "IdTem": 3, "Nombre": "E3-V-2", "Tipo": "V", "Evaluacion": 100.0, "Fecha": "2020-01-27T05:05:39.630Z", "R1": "A", "R2": "A", "R3": "C", "R4": "C", "R5": "B", "R6": "-"}}, {"model": "pnl.ejercicio", "pk": 484, "fields": {"IdUsuario": 27, "IdSubtema": 10, "IdTem": 3, "Nombre": "E3-V-1", "Tipo": "V", "Evaluacion": 100.0, "Fecha": "2020-01-27T05:06:01.157Z", "R1": "C", "R2": "A", "R3": "B", "R4": "C", "R5": "A", "R6": "B"}}, {"model": "pnl.ejercicio", "pk": 485, "fields": {"IdUsuario": 27, "IdSubtema": 12, "IdTem": 3, "Nombre": "E3-V-3", "Tipo": "V", "Evaluacion": 100.0, "Fecha": "2020-01-27T05:06:20.913Z", "R1": "B", "R2": "C", "R3": "A", "R4": "A", "R5": "C", "R6": "-"}}, {"model": "pnl.ejercicio", "pk": 486, "fields": {"IdUsuario": 13, "IdSubtema": 12, "IdTem": 3, "Nombre": "E3-V-3", "Tipo": "V", "Evaluacion": 100.0, "Fecha": "2020-01-27T05:06:27.769Z", "R1": "B", "R2": "C", "R3": "A", "R4": "A", "R5": "C", "R6": "-"}}, {"model": "pnl.ejercicio", "pk": 487, "fields": {"IdUsuario": 27, "IdSubtema": 11, "IdTem": 3, "Nombre": "E3-A-2", "Tipo": "A", "Evaluacion": 100.0, "Fecha": "2020-01-27T05:06:41.297Z", "R1": "A", "R2": "C", "R3": "C", "R4": "B", "R5": "A", "R6": "-"}}, {"model": "pnl.ejercicio", "pk": 488, "fields": {"IdUsuario": 27, "IdSubtema": 3, "IdTem": 3, "Nombre": "E3-K-3", "Tipo": "K", "Evaluacion": 100.0, "Fecha": "2020-01-27T05:06:51.253Z", "R1": null, "R2": null, "R3": null, "R4": null, "R5": null, "R6": null}}, {"model": "pnl.ejercicio", "pk": 489, "fields": {"IdUsuario": 27, "IdSubtema": 3, "IdTem": 3, "Nombre": "E3-K-2", "Tipo": "K", "Evaluacion": 100.0, "Fecha": "2020-01-27T05:06:59.892Z", "R1": null, "R2": null, "R3": null, "R4": null, "R5": null, "R6": null}}, {"model": "pnl.ejercicio", "pk": 490, "fields": {"IdUsuario": 27, "IdSubtema": 13, "IdTem": 4, "Nombre": "E4-V-1", "Tipo": "V", "Evaluacion": 100.0, "Fecha": "2020-01-27T05:07:28.622Z", "R1": "B", "R2": "A", "R3": "C", "R4": "B", "R5": "C", "R6": "-"}}, {"model": "pnl.ejercicio", "pk": 491, "fields": {"IdUsuario": 13, "IdSubtema": 10, "IdTem": 3, "Nombre": "E3-A-1", "Tipo": "A", "Evaluacion": 80.0, "Fecha": "2020-01-27T05:08:29.891Z", "R1": "A", "R2": "C", "R3": "B", "R4": "B", "R5": "C", "R6": "-"}}, {"model": "pnl.ejercicio", "pk": 492, "fields": {"IdUsuario": 13, "IdSubtema": 2, "IdTem": 3, "Nombre": "E3-K-1", "Tipo": "K", "Evaluacion": 100.0, "Fecha": "2020-01-27T05:08:44.131Z", "R1": null, "R2": null, "R3": null, "R4": null, "R5": null, "R6": null}}, {"model": "pnl.ejercicio", "pk": 493, "fields": {"IdUsuario": 27, "IdSubtema": 14, "IdTem": 4, "Nombre": "E4-V-2", "Tipo": "V", "Evaluacion": 100.0, "Fecha": "2020-01-27T05:08:56.428Z", "R1": "C", "R2": "A", "R3": "B", "R4": "A", "R5": "B", "R6": "-"}}, {"model": "pnl.ejercicio", "pk": 494, "fields": {"IdUsuario": 13, "IdSubtema": 3, "IdTem": 3, "Nombre": "E3-K-2", "Tipo": "K", "Evaluacion": 100.0, "Fecha": "2020-01-27T05:08:58.592Z", "R1": null, "R2": null, "R3": null, "R4": null, "R5": null, "R6": null}}, {"model": "pnl.ejercicio", "pk": 495, "fields": {"IdUsuario": 27, "IdSubtema": 16, "IdTem": 4, "Nombre": "E4-A-3", "Tipo": "A", "Evaluacion": 100.0, "Fecha": "2020-01-27T05:09:22.199Z", "R1": "B", "R2": "B", "R3": "C", "R4": "B", "R5": "B", "R6": "-"}}, {"model": "pnl.ejercicio", "pk": 496, "fields": {"IdUsuario": 27, "IdSubtema": 2, "IdTem": 4, "Nombre": "E4-K-3", "Tipo": "K", "Evaluacion": 100.0, "Fecha": "2020-01-27T05:09:32.435Z", "R1": null, "R2": null, "R3": null, "R4": null, "R5": null, "R6": null}}, {"model": "pnl.ejercicio", "pk": 497, "fields": {"IdUsuario": 27, "IdSubtema": 1, "IdTem": 4, "Nombre": "E4-K-2", "Tipo": "K", "Evaluacion": 100.0, "Fecha": "2020-01-27T05:10:01.468Z", "R1": null, "R2": null, "R3": null, "R4": null, "R5": null, "R6": null}}, {"model": "pnl.ejercicio", "pk": 498, "fields": {"IdUsuario": 27, "IdSubtema": 17, "IdTem": 5, "Nombre": "E5-V-1", "Tipo": "V", "Evaluacion": 100.0, "Fecha": "2020-01-27T05:11:02.713Z", "R1": "A", "R2": "B", "R3": "C", "R4": "C", "R5": "A", "R6": "-"}}, {"model": "pnl.ejercicio", "pk": 499, "fields": {"IdUsuario": 27, "IdSubtema": 19, "IdTem": 5, "Nombre": "E5-V-3", "Tipo": "V", "Evaluacion": 100.0, "Fecha": "2020-01-27T05:11:22.443Z", "R1": "A", "R2": "A", "R3": "C", "R4": "C", "R5": "A", "R6": "-"}}, {"model": "pnl.ejercicio", "pk": 500, "fields": {"IdUsuario": 27, "IdSubtema": 17, "IdTem": 5, "Nombre": "E5-A-1", "Tipo": "A", "Evaluacion": 100.0, "Fecha": "2020-01-27T05:11:43.874Z", "R1": "C", "R2": "B", "R3": "B", "R4": "B", "R5": "A", "R6": "-"}}, {"model": "pnl.ejercicio", "pk": 501, "fields": {"IdUsuario": 27, "IdSubtema": 2, "IdTem": 5, "Nombre": "E5-K-1", "Tipo": "K", "Evaluacion": 100.0, "Fecha": "2020-01-27T05:11:56.327Z", "R1": null, "R2": null, "R3": null, "R4": null, "R5": null, "R6": null}}, {"model": "pnl.ejercicio", "pk": 502, "fields": {"IdUsuario": 27, "IdSubtema": 2, "IdTem": 5, "Nombre": "E5-K-2", "Tipo": "K", "Evaluacion": 100.0, "Fecha": "2020-01-27T05:12:01.739Z", "R1": null, "R2": null, "R3": null, "R4": null, "R5": null, "R6": null}}, {"model": "pnl.ejercicio", "pk": 503, "fields": {"IdUsuario": 13, "IdSubtema": 13, "IdTem": 4, "Nombre": "E4-V-1", "Tipo": "V", "Evaluacion": 80.0, "Fecha": "2020-01-27T05:13:06.354Z", "R1": "B", "R2": "B", "R3": "C", "R4": "B", "R5": "C", "R6": "-"}}, {"model": "pnl.ejercicio", "pk": 504, "fields": {"IdUsuario": 13, "IdSubtema": 16, "IdTem": 4, "Nombre": "E4-V-3", "Tipo": "V", "Evaluacion": 80.0, "Fecha": "2020-01-27T05:15:13.655Z", "R1": "B", "R2": "B", "R3": "C", "R4": "A", "R5": "A", "R6": "-"}}, {"model": "pnl.ejercicio", "pk": 505, "fields": {"IdUsuario": 13, "IdSubtema": 15, "IdTem": 4, "Nombre": "E4-A-2", "Tipo": "A", "Evaluacion": 80.0, "Fecha": "2020-01-27T05:16:57.957Z", "R1": "A", "R2": "B", "R3": "A", "R4": "B", "R5": "A", "R6": "-"}}, {"model": "pnl.ejercicio", "pk": 506, "fields": {"IdUsuario": 13, "IdSubtema": 2, "IdTem": 4, "Nombre": "E4-K-3", "Tipo": "K", "Evaluacion": 100.0, "Fecha": "2020-01-27T05:17:14.211Z", "R1": null, "R2": null, "R3": null, "R4": null, "R5": null, "R6": null}}, {"model": "pnl.ejercicio", "pk": 507, "fields": {"IdUsuario": 28, "IdSubtema": 1, "IdTem": 1, "Nombre": "E1-V-2", "Tipo": "V", "Evaluacion": 100.0, "Fecha": "2020-01-27T05:18:01.160Z", "R1": "C", "R2": "A", "R3": "B", "R4": "B", "R5": "C", "R6": "-"}}, {"model": "pnl.ejercicio", "pk": 508, "fields": {"IdUsuario": 13, "IdSubtema": 1, "IdTem": 4, "Nombre": "E4-K-2", "Tipo": "K", "Evaluacion": 100.0, "Fecha": "2020-01-27T05:18:17.708Z", "R1": null, "R2": null, "R3": null, "R4": null, "R5": null, "R6": null}}, {"model": "pnl.ejercicio", "pk": 509, "fields": {"IdUsuario": 28, "IdSubtema": 3, "IdTem": 1, "Nombre": "E1-V-3", "Tipo": "V", "Evaluacion": 100.0, "Fecha": "2020-01-27T05:19:22.195Z", "R1": "A", "R2": "C", "R3": "B", "R4": "C", "R5": "B", "R6": "A"}}, {"model": "pnl.ejercicio", "pk": 510, "fields": {"IdUsuario": 13, "IdSubtema": 18, "IdTem": 5, "Nombre": "E5-V-2", "Tipo": "V", "Evaluacion": 100.0, "Fecha": "2020-01-27T05:19:51.337Z", "R1": "B", "R2": "A", "R3": "B", "R4": "A", "R5": "C", "R6": "-"}}, {"model": "pnl.ejercicio", "pk": 511, "fields": {"IdUsuario": 28, "IdSubtema": 4, "IdTem": 1, "Nombre": "E1-A-1", "Tipo": "A", "Evaluacion": 100.0, "Fecha": "2020-01-27T05:19:54.323Z", "R1": "B", "R2": "C", "R3": "A", "R4": "B", "R5": "A", "R6": "B"}}, {"model": "pnl.ejercicio", "pk": 512, "fields": {"IdUsuario": 28, "IdSubtema": 1, "IdTem": 1, "Nombre": "E1-K-1", "Tipo": "K", "Evaluacion": 100.0, "Fecha": "2020-01-27T05:20:18.241Z", "R1": null, "R2": null, "R3": null, "R4": null, "R5": null, "R6": null}}, {"model": "pnl.ejercicio", "pk": 513, "fields": {"IdUsuario": 13, "IdSubtema": 19, "IdTem": 5, "Nombre": "E5-V-3", "Tipo": "V", "Evaluacion": 80.0, "Fecha": "2020-01-27T05:20:32.712Z", "R1": "A", "R2": "C", "R3": "C", "R4": "C", "R5": "A", "R6": "-"}}, {"model": "pnl.ejercicio", "pk": 514, "fields": {"IdUsuario": 28, "IdSubtema": 1, "IdTem": 1, "Nombre": "E1-K-2", "Tipo": "K", "Evaluacion": 100.0, "Fecha": "2020-01-27T05:20:37.186Z", "R1": null, "R2": null, "R3": null, "R4": null, "R5": null, "R6": null}}, {"model": "pnl.ejercicio", "pk": 515, "fields": {"IdUsuario": 28, "IdSubtema": 6, "IdTem": 2, "Nombre": "E2-V-2", "Tipo": "V", "Evaluacion": 100.0, "Fecha": "2020-01-27T05:21:47.159Z", "R1": "A", "R2": "C", "R3": "B", "R4": "B", "R5": "A", "R6": "B"}}, {"model": "pnl.ejercicio", "pk": 516, "fields": {"IdUsuario": 13, "IdSubtema": 18, "IdTem": 5, "Nombre": "E5-A-2", "Tipo": "A", "Evaluacion": 80.0, "Fecha": "2020-01-27T05:22:11.000Z", "R1": "B", "R2": "B", "R3": "B", "R4": "C", "R5": "C", "R6": "-"}}, {"model": "pnl.ejercicio", "pk": 517, "fields": {"IdUsuario": 13, "IdSubtema": 2, "IdTem": 5, "Nombre": "E5-K-2", "Tipo": "K", "Evaluacion": 100.0, "Fecha": "2020-01-27T05:22:23.053Z", "R1": null, "R2": null, "R3": null, "R4": null, "R5": null, "R6": null}}, {"model": "pnl.ejercicio", "pk": 518, "fields": {"IdUsuario": 13, "IdSubtema": 2, "IdTem": 5, "Nombre": "E5-K-1", "Tipo": "K", "Evaluacion": 100.0, "Fecha": "2020-01-27T05:22:41.271Z", "R1": null, "R2": null, "R3": null, "R4": null, "R5": null, "R6": null}}, {"model": "pnl.ejercicio", "pk": 519, "fields": {"IdUsuario": 28, "IdSubtema": 9, "IdTem": 2, "Nombre": "E2-V-3", "Tipo": "V", "Evaluacion": 100.0, "Fecha": "2020-01-27T05:22:52.193Z", "R1": "C", "R2": "B", "R3": "C", "R4": "C", "R5": "A", "R6": "-"}}, {"model": "pnl.ejercicio", "pk": 520, "fields": {"IdUsuario": 28, "IdSubtema": 5, "IdTem": 2, "Nombre": "E2-A-1", "Tipo": "A", "Evaluacion": 100.0, "Fecha": "2020-01-27T05:23:15.549Z", "R1": "A", "R2": "C", "R3": "A", "R4": "B", "R5": "B", "R6": "C"}}, {"model": "pnl.ejercicio", "pk": 521, "fields": {"IdUsuario": 28, "IdSubtema": 1, "IdTem": 2, "Nombre": "E2-K-1", "Tipo": "K", "Evaluacion": 100.0, "Fecha": "2020-01-27T05:23:24.060Z", "R1": null, "R2": null, "R3": null, "R4": null, "R5": null, "R6": null}}, {"model": "pnl.ejercicio", "pk": 522, "fields": {"IdUsuario": 28, "IdSubtema": 1, "IdTem": 2, "Nombre": "E2-K-2", "Tipo": "K", "Evaluacion": 100.0, "Fecha": "2020-01-27T05:23:38.033Z", "R1": null, "R2": null, "R3": null, "R4": null, "R5": null, "R6": null}}, {"model": "pnl.ejercicio", "pk": 523, "fields": {"IdUsuario": 14, "IdSubtema": 1, "IdTem": 1, "Nombre": "E1-V-2", "Tipo": "V", "Evaluacion": 80.0, "Fecha": "2020-01-27T05:24:39.530Z", "R1": "C", "R2": "A", "R3": "B", "R4": "B", "R5": "A", "R6": "-"}}, {"model": "pnl.ejercicio", "pk": 524, "fields": {"IdUsuario": 14, "IdSubtema": 1, "IdTem": 1, "Nombre": "E1-V-1", "Tipo": "V", "Evaluacion": 80.0, "Fecha": "2020-01-27T05:25:07.750Z", "R1": "B", "R2": "C", "R3": "A", "R4": "A", "R5": "C", "R6": "-"}}, {"model": "pnl.ejercicio", "pk": 525, "fields": {"IdUsuario": 14, "IdSubtema": 2, "IdTem": 1, "Nombre": "E1-A-3", "Tipo": "A", "Evaluacion": 83.0, "Fecha": "2020-01-27T05:26:39.300Z", "R1": "C", "R2": "A", "R3": "B", "R4": "A", "R5": "B", "R6": "A"}}, {"model": "pnl.ejercicio", "pk": 526, "fields": {"IdUsuario": 14, "IdSubtema": 1, "IdTem": 1, "Nombre": "E1-K-2", "Tipo": "K", "Evaluacion": 100.0, "Fecha": "2020-01-27T05:26:59.733Z", "R1": null, "R2": null, "R3": null, "R4": null, "R5": null, "R6": null}}, {"model": "pnl.ejercicio", "pk": 527, "fields": {"IdUsuario": 14, "IdSubtema": 1, "IdTem": 1, "Nombre": "E1-K-3", "Tipo": "K", "Evaluacion": 100.0, "Fecha": "2020-01-27T05:28:11.185Z", "R1": null, "R2": null, "R3": null, "R4": null, "R5": null, "R6": null}}, {"model": "pnl.ejercicio", "pk": 528, "fields": {"IdUsuario": 14, "IdSubtema": 6, "IdTem": 2, "Nombre": "E2-V-2", "Tipo": "V", "Evaluacion": 83.0, "Fecha": "2020-01-27T05:29:15.339Z", "R1": "A", "R2": "C", "R3": "B", "R4": "B", "R5": "A", "R6": "C"}}, {"model": "pnl.ejercicio", "pk": 529, "fields": {"IdUsuario": 14, "IdSubtema": 9, "IdTem": 2, "Nombre": "E2-V-3", "Tipo": "V", "Evaluacion": 80.0, "Fecha": "2020-01-27T05:31:38.947Z", "R1": "C", "R2": "B", "R3": "C", "R4": "A", "R5": "A", "R6": "-"}}, {"model": "pnl.ejercicio", "pk": 530, "fields": {"IdUsuario": 14, "IdSubtema": 5, "IdTem": 2, "Nombre": "E2-A-1", "Tipo": "A", "Evaluacion": 83.0, "Fecha": "2020-01-27T05:32:34.072Z", "R1": "A", "R2": "C", "R3": "C", "R4": "B", "R5": "B", "R6": "C"}}, {"model": "pnl.ejercicio", "pk": 531, "fields": {"IdUsuario": 14, "IdSubtema": 1, "IdTem": 2, "Nombre": "E2-K-2", "Tipo": "K", "Evaluacion": 100.0, "Fecha": "2020-01-27T05:32:52.052Z", "R1": null, "R2": null, "R3": null, "R4": null, "R5": null, "R6": null}}, {"model": "pnl.ejercicio", "pk": 532, "fields": {"IdUsuario": 14, "IdSubtema": 1, "IdTem": 2, "Nombre": "E2-K-3", "Tipo": "K", "Evaluacion": 100.0, "Fecha": "2020-01-27T05:33:47.534Z", "R1": null, "R2": null, "R3": null, "R4": null, "R5": null, "R6": null}}, {"model": "pnl.ejercicio", "pk": 533, "fields": {"IdUsuario": 14, "IdSubtema": 12, "IdTem": 3, "Nombre": "E3-V-3", "Tipo": "V", "Evaluacion": 80.0, "Fecha": "2020-01-27T05:34:43.163Z", "R1": "B", "R2": "A", "R3": "A", "R4": "A", "R5": "C", "R6": "-"}}, {"model": "pnl.ejercicio", "pk": 534, "fields": {"IdUsuario": 14, "IdSubtema": 10, "IdTem": 3, "Nombre": "E3-V-1", "Tipo": "V", "Evaluacion": 100.0, "Fecha": "2020-01-27T05:35:59.579Z", "R1": "C", "R2": "A", "R3": "B", "R4": "C", "R5": "A", "R6": "B"}}, {"model": "pnl.ejercicio", "pk": 535, "fields": {"IdUsuario": 14, "IdSubtema": 10, "IdTem": 3, "Nombre": "E3-A-1", "Tipo": "A", "Evaluacion": 80.0, "Fecha": "2020-01-27T05:36:51.293Z", "R1": "A", "R2": "C", "R3": "B", "R4": "B", "R5": "C", "R6": "-"}}, {"model": "pnl.ejercicio", "pk": 536, "fields": {"IdUsuario": 14, "IdSubtema": 3, "IdTem": 3, "Nombre": "E3-K-3", "Tipo": "K", "Evaluacion": 100.0, "Fecha": "2020-01-27T05:37:19.603Z", "R1": null, "R2": null, "R3": null, "R4": null, "R5": null, "R6": null}}, {"model": "pnl.ejercicio", "pk": 537, "fields": {"IdUsuario": 14, "IdSubtema": 3, "IdTem": 3, "Nombre": "E3-K-2", "Tipo": "K", "Evaluacion": 100.0, "Fecha": "2020-01-27T05:37:31.710Z", "R1": null, "R2": null, "R3": null, "R4": null, "R5": null, "R6": null}}, {"model": "pnl.ejercicio", "pk": 538, "fields": {"IdUsuario": 14, "IdSubtema": 13, "IdTem": 4, "Nombre": "E4-V-1", "Tipo": "V", "Evaluacion": 80.0, "Fecha": "2020-01-27T05:38:35.926Z", "R1": "B", "R2": "A", "R3": "B", "R4": "B", "R5": "C", "R6": "-"}}, {"model": "pnl.ejercicio", "pk": 539, "fields": {"IdUsuario": 14, "IdSubtema": 14, "IdTem": 4, "Nombre": "E4-V-2", "Tipo": "V", "Evaluacion": 80.0, "Fecha": "2020-01-27T05:39:10.982Z", "R1": "B", "R2": "A", "R3": "B", "R4": "A", "R5": "B", "R6": "-"}}, {"model": "pnl.ejercicio", "pk": 540, "fields": {"IdUsuario": 14, "IdSubtema": 16, "IdTem": 4, "Nombre": "E4-A-3", "Tipo": "A", "Evaluacion": 80.0, "Fecha": "2020-01-27T05:39:50.644Z", "R1": "B", "R2": "A", "R3": "C", "R4": "B", "R5": "B", "R6": "-"}}, {"model": "pnl.ejercicio", "pk": 541, "fields": {"IdUsuario": 14, "IdSubtema": 2, "IdTem": 4, "Nombre": "E4-K-3", "Tipo": "K", "Evaluacion": 100.0, "Fecha": "2020-01-27T05:40:05.328Z", "R1": null, "R2": null, "R3": null, "R4": null, "R5": null, "R6": null}}, {"model": "pnl.ejercicio", "pk": 542, "fields": {"IdUsuario": 14, "IdSubtema": 1, "IdTem": 4, "Nombre": "E4-K-1", "Tipo": "K", "Evaluacion": 100.0, "Fecha": "2020-01-27T05:40:22.834Z", "R1": null, "R2": null, "R3": null, "R4": null, "R5": null, "R6": null}}, {"model": "pnl.ejercicio", "pk": 543, "fields": {"IdUsuario": 14, "IdSubtema": 18, "IdTem": 5, "Nombre": "E5-V-2", "Tipo": "V", "Evaluacion": 80.0, "Fecha": "2020-01-27T05:41:58.804Z", "R1": "C", "R2": "A", "R3": "B", "R4": "A", "R5": "C", "R6": "-"}}, {"model": "pnl.ejercicio", "pk": 544, "fields": {"IdUsuario": 14, "IdSubtema": 19, "IdTem": 5, "Nombre": "E5-V-3", "Tipo": "V", "Evaluacion": 80.0, "Fecha": "2020-01-27T05:43:06.620Z", "R1": "A", "R2": "C", "R3": "C", "R4": "C", "R5": "A", "R6": "-"}}, {"model": "pnl.ejercicio", "pk": 545, "fields": {"IdUsuario": 14, "IdSubtema": 18, "IdTem": 5, "Nombre": "E5-A-2", "Tipo": "A", "Evaluacion": 80.0, "Fecha": "2020-01-27T05:44:18.299Z", "R1": "B", "R2": "B", "R3": "B", "R4": "C", "R5": "C", "R6": "-"}}, {"model": "pnl.ejercicio", "pk": 546, "fields": {"IdUsuario": 14, "IdSubtema": 2, "IdTem": 5, "Nombre": "E5-K-1", "Tipo": "K", "Evaluacion": 100.0, "Fecha": "2020-01-27T05:44:36.372Z", "R1": null, "R2": null, "R3": null, "R4": null, "R5": null, "R6": null}}, {"model": "pnl.ejercicio", "pk": 547, "fields": {"IdUsuario": 14, "IdSubtema": 1, "IdTem": 5, "Nombre": "E5-K-4", "Tipo": "K", "Evaluacion": 100.0, "Fecha": "2020-01-27T05:44:57.551Z", "R1": null, "R2": null, "R3": null, "R4": null, "R5": null, "R6": null}}, {"model": "pnl.ejercicio", "pk": 548, "fields": {"IdUsuario": 15, "IdSubtema": 3, "IdTem": 1, "Nombre": "E1-V-3", "Tipo": "V", "Evaluacion": 83.0, "Fecha": "2020-01-27T05:51:08.242Z", "R1": "B", "R2": "C", "R3": "B", "R4": "C", "R5": "B", "R6": "A"}}, {"model": "pnl.ejercicio", "pk": 549, "fields": {"IdUsuario": 15, "IdSubtema": 1, "IdTem": 1, "Nombre": "E1-V-1", "Tipo": "V", "Evaluacion": 80.0, "Fecha": "2020-01-27T05:51:26.666Z", "R1": "B", "R2": "C", "R3": "A", "R4": "B", "R5": "B", "R6": "-"}}, {"model": "pnl.ejercicio", "pk": 550, "fields": {"IdUsuario": 15, "IdSubtema": 1, "IdTem": 1, "Nombre": "E1-A-2", "Tipo": "A", "Evaluacion": 100.0, "Fecha": "2020-01-27T05:51:46.595Z", "R1": "B", "R2": "B", "R3": "A", "R4": "B", "R5": "C", "R6": "-"}}, {"model": "pnl.ejercicio", "pk": 551, "fields": {"IdUsuario": 15, "IdSubtema": 1, "IdTem": 1, "Nombre": "E1-K-3", "Tipo": "K", "Evaluacion": 100.0, "Fecha": "2020-01-27T05:52:48.268Z", "R1": null, "R2": null, "R3": null, "R4": null, "R5": null, "R6": null}}, {"model": "pnl.ejercicio", "pk": 552, "fields": {"IdUsuario": 15, "IdSubtema": 1, "IdTem": 1, "Nombre": "E1-K-1", "Tipo": "K", "Evaluacion": 100.0, "Fecha": "2020-01-27T05:53:27.216Z", "R1": null, "R2": null, "R3": null, "R4": null, "R5": null, "R6": null}}, {"model": "pnl.ejercicio", "pk": 553, "fields": {"IdUsuario": 15, "IdSubtema": 8, "IdTem": 2, "Nombre": "E2-V-1", "Tipo": "V", "Evaluacion": 83.0, "Fecha": "2020-01-27T05:54:51.866Z", "R1": "B", "R2": "A", "R3": "B", "R4": "A", "R5": "A", "R6": "C"}}, {"model": "pnl.ejercicio", "pk": 554, "fields": {"IdUsuario": 15, "IdSubtema": 10, "IdTem": 3, "Nombre": "E3-V-1", "Tipo": "V", "Evaluacion": 83.0, "Fecha": "2020-01-27T05:56:32.136Z", "R1": "C", "R2": "C", "R3": "B", "R4": "C", "R5": "A", "R6": "B"}}, {"model": "pnl.ejercicio", "pk": 555, "fields": {"IdUsuario": 15, "IdSubtema": 12, "IdTem": 3, "Nombre": "E3-V-3", "Tipo": "V", "Evaluacion": 80.0, "Fecha": "2020-01-27T05:58:19.903Z", "R1": "C", "R2": "C", "R3": "A", "R4": "A", "R5": "C", "R6": "-"}}, {"model": "pnl.ejercicio", "pk": 556, "fields": {"IdUsuario": 15, "IdSubtema": 12, "IdTem": 3, "Nombre": "E3-A-3", "Tipo": "A", "Evaluacion": 80.0, "Fecha": "2020-01-27T05:58:50.384Z", "R1": "A", "R2": "C", "R3": "C", "R4": "B", "R5": "C", "R6": "-"}}, {"model": "pnl.ejercicio", "pk": 557, "fields": {"IdUsuario": 15, "IdSubtema": 3, "IdTem": 3, "Nombre": "E3-K-2", "Tipo": "K", "Evaluacion": 100.0, "Fecha": "2020-01-27T05:59:04.817Z", "R1": null, "R2": null, "R3": null, "R4": null, "R5": null, "R6": null}}, {"model": "pnl.ejercicio", "pk": 558, "fields": {"IdUsuario": 15, "IdSubtema": 3, "IdTem": 3, "Nombre": "E3-K-3", "Tipo": "K", "Evaluacion": 100.0, "Fecha": "2020-01-27T05:59:55.729Z", "R1": null, "R2": null, "R3": null, "R4": null, "R5": null, "R6": null}}, {"model": "pnl.ejercicio", "pk": 559, "fields": {"IdUsuario": 15, "IdSubtema": 6, "IdTem": 2, "Nombre": "E2-V-2", "Tipo": "V", "Evaluacion": 83.0, "Fecha": "2020-01-27T06:01:31.867Z", "R1": "A", "R2": "C", "R3": "B", "R4": "B", "R5": "B", "R6": "B"}}, {"model": "pnl.ejercicio", "pk": 560, "fields": {"IdUsuario": 15, "IdSubtema": 5, "IdTem": 2, "Nombre": "E2-A-1", "Tipo": "A", "Evaluacion": 83.0, "Fecha": "2020-01-27T06:02:11.274Z", "R1": "A", "R2": "A", "R3": "A", "R4": "B", "R5": "B", "R6": "C"}}, {"model": "pnl.ejercicio", "pk": 561, "fields": {"IdUsuario": 15, "IdSubtema": 1, "IdTem": 2, "Nombre": "E2-K-2", "Tipo": "K", "Evaluacion": 100.0, "Fecha": "2020-01-27T06:02:26.352Z", "R1": null, "R2": null, "R3": null, "R4": null, "R5": null, "R6": null}}, {"model": "pnl.ejercicio", "pk": 562, "fields": {"IdUsuario": 15, "IdSubtema": 1, "IdTem": 2, "Nombre": "E2-K-1", "Tipo": "K", "Evaluacion": 100.0, "Fecha": "2020-01-27T06:02:37.130Z", "R1": null, "R2": null, "R3": null, "R4": null, "R5": null, "R6": null}}, {"model": "pnl.ejercicior", "pk": 1, "fields": {"IdTem": 1, "IdSub": 1, "Descripcion": "Sub 1", "NEjer": 1, "Tipo": "V", "RP1": "B", "RP2": "C", "RP3": "A", "RP4": "A", "RP5": "B", "RP6": null, "RP7": null, "RP8": null, "RP9": null, "RP10": null}}, {"model": "pnl.ejercicior", "pk": 2, "fields": {"IdTem": 1, "IdSub": 1, "Descripcion": "Sub 1", "NEjer": 2, "Tipo": "V", "RP1": "C", "RP2": "A", "RP3": "B", "RP4": "B", "RP5": "C", "RP6": null, "RP7": null, "RP8": null, "RP9": null, "RP10": null}}, {"model": "pnl.ejercicior", "pk": 3, "fields": {"IdTem": 1, "IdSub": 1, "Descripcion": "Sub 1", "NEjer": 3, "Tipo": "A", "RP1": "A", "RP2": "B", "RP3": "C", "RP4": "A", "RP5": "C", "RP6": null, "RP7": null, "RP8": null, "RP9": null, "RP10": null}}, {"model": "pnl.ejercicior", "pk": 4, "fields": {"IdTem": 1, "IdSub": 1, "Descripcion": "Sub 1", "NEjer": 4, "Tipo": "A", "RP1": "B", "RP2": "B", "RP3": "A", "RP4": "B", "RP5": "C", "RP6": null, "RP7": null, "RP8": null, "RP9": null, "RP10": null}}, {"model": "pnl.ejercicior", "pk": 5, "fields": {"IdTem": 1, "IdSub": 2, "Descripcion": "Sub 2", "NEjer": 1, "Tipo": "V", "RP1": "B", "RP2": "B", "RP3": "A", "RP4": "C", "RP5": "A", "RP6": null, "RP7": null, "RP8": null, "RP9": null, "RP10": null}}, {"model": "pnl.ejercicior", "pk": 6, "fields": {"IdTem": 1, "IdSub": 2, "Descripcion": "Sub 2", "NEjer": 2, "Tipo": "A", "RP1": "C", "RP2": "A", "RP3": "B", "RP4": "A", "RP5": "C", "RP6": "B", "RP7": null, "RP8": null, "RP9": null, "RP10": null}}, {"model": "pnl.ejercicior", "pk": 7, "fields": {"IdTem": 1, "IdSub": 3, "Descripcion": "Sub 3", "NEjer": 3, "Tipo": "V", "RP1": "A", "RP2": "C", "RP3": "B", "RP4": "C", "RP5": "B", "RP6": "A", "RP7": null, "RP8": null, "RP9": null, "RP10": null}}, {"model": "pnl.ejercicior", "pk": 8, "fields": {"IdTem": 1, "IdSub": 3, "Descripcion": "Sub 3", "NEjer": 2, "Tipo": "A", "RP1": "B", "RP2": "B", "RP3": "A", "RP4": "C", "RP5": "B", "RP6": "C", "RP7": null, "RP8": null, "RP9": null, "RP10": null}}, {"model": "pnl.ejercicior", "pk": 9, "fields": {"IdTem": 1, "IdSub": 4, "Descripcion": "Sub 4", "NEjer": 1, "Tipo": "V", "RP1": "C", "RP2": "A", "RP3": "B", "RP4": "C", "RP5": "A", "RP6": "C", "RP7": null, "RP8": null, "RP9": null, "RP10": null}}, {"model": "pnl.ejercicior", "pk": 10, "fields": {"IdTem": 1, "IdSub": 4, "Descripcion": "Sub 4", "NEjer": 2, "Tipo": "A", "RP1": "B", "RP2": "C", "RP3": "A", "RP4": "B", "RP5": "A", "RP6": "B", "RP7": null, "RP8": null, "RP9": null, "RP10": null}}, {"model": "pnl.ejercicior", "pk": 11, "fields": {"IdTem": 2, "IdSub": 5, "Descripcion": "Sub 1", "NEjer": 1, "Tipo": "V", "RP1": "A", "RP2": "C", "RP3": "A", "RP4": "B", "RP5": "B", "RP6": "A", "RP7": null, "RP8": null, "RP9": null, "RP10": null}}, {"model": "pnl.ejercicior", "pk": 12, "fields": {"IdTem": 2, "IdSub": 5, "Descripcion": "Sub 1", "NEjer": 2, "Tipo": "A", "RP1": "A", "RP2": "C", "RP3": "A", "RP4": "B", "RP5": "B", "RP6": "C", "RP7": null, "RP8": null, "RP9": null, "RP10": null}}, {"model": "pnl.ejercicior", "pk": 13, "fields": {"IdTem": 2, "IdSub": 6, "Descripcion": "Sub 2", "NEjer": 1, "Tipo": "V", "RP1": "A", "RP2": "C", "RP3": "B", "RP4": "B", "RP5": "A", "RP6": "B", "RP7": null, "RP8": null, "RP9": null, "RP10": null}}, {"model": "pnl.ejercicior", "pk": 14, "fields": {"IdTem": 2, "IdSub": 6, "Descripcion": "Sub 2", "NEjer": 2, "Tipo": "A", "RP1": "B", "RP2": "A", "RP3": "B", "RP4": "C", "RP5": "B", "RP6": "A", "RP7": null, "RP8": null, "RP9": null, "RP10": null}}, {"model": "pnl.ejercicior", "pk": 15, "fields": {"IdTem": 2, "IdSub": 7, "Descripcion": "Sub 3", "NEjer": 1, "Tipo": "V", "RP1": "A", "RP2": "A", "RP3": "B", "RP4": "C", "RP5": "A", "RP6": "B", "RP7": null, "RP8": null, "RP9": null, "RP10": null}}, {"model": "pnl.ejercicior", "pk": 16, "fields": {"IdTem": 2, "IdSub": 7, "Descripcion": "Sub 3", "NEjer": 2, "Tipo": "A", "RP1": "C", "RP2": "A", "RP3": "C", "RP4": "B", "RP5": "A", "RP6": "A", "RP7": null, "RP8": null, "RP9": null, "RP10": null}}, {"model": "pnl.ejercicior", "pk": 17, "fields": {"IdTem": 2, "IdSub": 8, "Descripcion": "Sub 4", "NEjer": 1, "Tipo": "V", "RP1": "B", "RP2": "C", "RP3": "B", "RP4": "A", "RP5": "A", "RP6": "C", "RP7": null, "RP8": null, "RP9": null, "RP10": null}}, {"model": "pnl.ejercicior", "pk": 18, "fields": {"IdTem": 2, "IdSub": 8, "Descripcion": "Sub 4", "NEjer": 2, "Tipo": "A", "RP1": "B", "RP2": "B", "RP3": "C", "RP4": "C", "RP5": "A", "RP6": "B", "RP7": null, "RP8": null, "RP9": null, "RP10": null}}, {"model": "pnl.ejercicior", "pk": 19, "fields": {"IdTem": 2, "IdSub": 8, "Descripcion": "Sub 4", "NEjer": 3, "Tipo": "V", "RP1": "A", "RP2": "C", "RP3": "B", "RP4": "C", "RP5": "A", "RP6": "C", "RP7": null, "RP8": null, "RP9": null, "RP10": null}}, {"model": "pnl.ejercicior", "pk": 20, "fields": {"IdTem": 2, "IdSub": 8, "Descripcion": "Sub 4", "NEjer": 4, "Tipo": "A", "RP1": "A", "RP2": "A", "RP3": "C", "RP4": "B", "RP5": "A", "RP6": "B", "RP7": null, "RP8": null, "RP9": null, "RP10": null}}, {"model": "pnl.ejercicior", "pk": 21, "fields": {"IdTem": 2, "IdSub": 9, "Descripcion": "Sub 5", "NEjer": 1, "Tipo": "V", "RP1": "C", "RP2": "C", "RP3": "B", "RP4": "A", "RP5": "A", "RP6": null, "RP7": null, "RP8": null, "RP9": null, "RP10": null}}, {"model": "pnl.ejercicior", "pk": 22, "fields": {"IdTem": 2, "IdSub": 9, "Descripcion": "Sub 5", "NEjer": 2, "Tipo": "A", "RP1": "B", "RP2": "B", "RP3": "B", "RP4": "C", "RP5": "A", "RP6": null, "RP7": null, "RP8": null, "RP9": null, "RP10": null}}, {"model": "pnl.ejercicior", "pk": 23, "fields": {"IdTem": 2, "IdSub": 9, "Descripcion": "Sub 5", "NEjer": 2, "Tipo": "V", "RP1": "A", "RP2": "B", "RP3": "C", "RP4": "B", "RP5": "A", "RP6": null, "RP7": null, "RP8": null, "RP9": null, "RP10": null}}, {"model": "pnl.ejercicior", "pk": 24, "fields": {"IdTem": 2, "IdSub": 9, "Descripcion": "Sub 5", "NEjer": 4, "Tipo": "A", "RP1": "A", "RP2": "C", "RP3": "B", "RP4": "A", "RP5": "C", "RP6": null, "RP7": null, "RP8": null, "RP9": null, "RP10": null}}, {"model": "pnl.ejercicior", "pk": 25, "fields": {"IdTem": 2, "IdSub": 9, "Descripcion": "Sub 5", "NEjer": 5, "Tipo": "V", "RP1": "C", "RP2": "B", "RP3": "C", "RP4": "C", "RP5": "A", "RP6": null, "RP7": null, "RP8": null, "RP9": null, "RP10": null}}, {"model": "pnl.ejercicior", "pk": 26, "fields": {"IdTem": 2, "IdSub": 9, "Descripcion": "Sub 5", "NEjer": 6, "Tipo": "A", "RP1": "A", "RP2": "C", "RP3": "A", "RP4": "C", "RP5": "B", "RP6": null, "RP7": null, "RP8": null, "RP9": null, "RP10": null}}, {"model": "pnl.ejercicior", "pk": 27, "fields": {"IdTem": 3, "IdSub": 10, "Descripcion": "Sub 1", "NEjer": 1, "Tipo": "V", "RP1": "C", "RP2": "A", "RP3": "B", "RP4": "C", "RP5": "A", "RP6": "B", "RP7": null, "RP8": null, "RP9": null, "RP10": null}}, {"model": "pnl.ejercicior", "pk": 28, "fields": {"IdTem": 3, "IdSub": 10, "Descripcion": "Sub 1", "NEjer": 1, "Tipo": "A", "RP1": "B", "RP2": "C", "RP3": "B", "RP4": "B", "RP5": "C", "RP6": "A", "RP7": null, "RP8": null, "RP9": null, "RP10": null}}, {"model": "pnl.ejercicior", "pk": 29, "fields": {"IdTem": 3, "IdSub": 11, "Descripcion": "Sub 2", "NEjer": 2, "Tipo": "V", "RP1": "A", "RP2": "A", "RP3": "C", "RP4": "C", "RP5": "B", "RP6": null, "RP7": null, "RP8": null, "RP9": null, "RP10": null}}, {"model": "pnl.ejercicior", "pk": 30, "fields": {"IdTem": 3, "IdSub": 11, "Descripcion": "Sub 2", "NEjer": 2, "Tipo": "A", "RP1": "A", "RP2": "C", "RP3": "C", "RP4": "B", "RP5": "A", "RP6": null, "RP7": null, "RP8": null, "RP9": null, "RP10": null}}, {"model": "pnl.ejercicior", "pk": 31, "fields": {"IdTem": 3, "IdSub": 12, "Descripcion": "Sub 3", "NEjer": 3, "Tipo": "V", "RP1": "B", "RP2": "C", "RP3": "A", "RP4": "A", "RP5": "C", "RP6": null, "RP7": null, "RP8": null, "RP9": null, "RP10": null}}, {"model": "pnl.ejercicior", "pk": 32, "fields": {"IdTem": 3, "IdSub": 12, "Descripcion": "Sub 3", "NEjer": 3, "Tipo": "A", "RP1": "A", "RP2": "C", "RP3": "A", "RP4": "B", "RP5": "C", "RP6": null, "RP7": null, "RP8": null, "RP9": null, "RP10": null}}, {"model": "pnl.ejercicior", "pk": 33, "fields": {"IdTem": 1, "IdSub": 1, "Descripcion": "Sub 1", "NEjer": 1, "Tipo": "A", "RP1": "A", "RP2": "B", "RP3": "C", "RP4": "A", "RP5": "C", "RP6": null, "RP7": null, "RP8": null, "RP9": null, "RP10": null}}, {"model": "pnl.ejercicior", "pk": 34, "fields": {"IdTem": 1, "IdSub": 1, "Descripcion": "Sub 1", "NEjer": 2, "Tipo": "A", "RP1": "B", "RP2": "B", "RP3": "A", "RP4": "B", "RP5": "C", "RP6": null, "RP7": null, "RP8": null, "RP9": null, "RP10": null}}, {"model": "pnl.ejercicior", "pk": 35, "fields": {"IdTem": 1, "IdSub": 3, "Descripcion": "Sub 3", "NEjer": 1, "Tipo": "A", "RP1": "B", "RP2": "B", "RP3": "A", "RP4": "C", "RP5": "B", "RP6": "C", "RP7": null, "RP8": null, "RP9": null, "RP10": null}}, {"model": "pnl.ejercicior", "pk": 36, "fields": {"IdTem": 1, "IdSub": 4, "Descripcion": "Sub 4", "NEjer": 1, "Tipo": "A", "RP1": "B", "RP2": "C", "RP3": "A", "RP4": "B", "RP5": "A", "RP6": "B", "RP7": null, "RP8": null, "RP9": null, "RP10": null}}, {"model": "pnl.ejercicior", "pk": 37, "fields": {"IdTem": 4, "IdSub": 13, "Descripcion": "Sub1", "NEjer": 1, "Tipo": "V", "RP1": "B", "RP2": "A", "RP3": "C", "RP4": "B", "RP5": "C", "RP6": null, "RP7": null, "RP8": null, "RP9": null, "RP10": null}}, {"model": "pnl.ejercicior", "pk": 38, "fields": {"IdTem": 4, "IdSub": 14, "Descripcion": "Sub 2", "NEjer": 2, "Tipo": "V", "RP1": "C", "RP2": "A", "RP3": "B", "RP4": "A", "RP5": "B", "RP6": null, "RP7": null, "RP8": null, "RP9": null, "RP10": null}}, {"model": "pnl.ejercicior", "pk": 39, "fields": {"IdTem": 4, "IdSub": 16, "Descripcion": "Sub 4", "NEjer": 3, "Tipo": "V", "RP1": "A", "RP2": "B", "RP3": "C", "RP4": "A", "RP5": "A", "RP6": null, "RP7": null, "RP8": null, "RP9": null, "RP10": null}}, {"model": "pnl.ejercicior", "pk": 40, "fields": {"IdTem": 4, "IdSub": 13, "Descripcion": "Sub 1", "NEjer": 1, "Tipo": "A", "RP1": "A", "RP2": "B", "RP3": "B", "RP4": "C", "RP5": "C", "RP6": null, "RP7": null, "RP8": null, "RP9": null, "RP10": null}}, {"model": "pnl.ejercicior", "pk": 41, "fields": {"IdTem": 4, "IdSub": 15, "Descripcion": "Sub 3", "NEjer": 2, "Tipo": "A", "RP1": "A", "RP2": "B", "RP3": "A", "RP4": "C", "RP5": "A", "RP6": null, "RP7": null, "RP8": null, "RP9": null, "RP10": null}}, {"model": "pnl.ejercicior", "pk": 42, "fields": {"IdTem": 4, "IdSub": 16, "Descripcion": "Sub 4", "NEjer": 3, "Tipo": "A", "RP1": "B", "RP2": "B", "RP3": "C", "RP4": "B", "RP5": "B", "RP6": null, "RP7": null, "RP8": null, "RP9": null, "RP10": null}}, {"model": "pnl.ejercicior", "pk": 43, "fields": {"IdTem": 5, "IdSub": 17, "Descripcion": "Sub 1", "NEjer": 1, "Tipo": "V", "RP1": "A", "RP2": "B", "RP3": "C", "RP4": "C", "RP5": "A", "RP6": null, "RP7": null, "RP8": null, "RP9": null, "RP10": null}}, {"model": "pnl.ejercicior", "pk": 44, "fields": {"IdTem": 5, "IdSub": 18, "Descripcion": "Sub 2", "NEjer": 2, "Tipo": "V", "RP1": "B", "RP2": "A", "RP3": "B", "RP4": "A", "RP5": "C", "RP6": null, "RP7": null, "RP8": null, "RP9": null, "RP10": null}}, {"model": "pnl.ejercicior", "pk": 45, "fields": {"IdTem": 5, "IdSub": 19, "Descripcion": "Sub 3", "NEjer": 3, "Tipo": "V", "RP1": "A", "RP2": "A", "RP3": "C", "RP4": "C", "RP5": "A", "RP6": null, "RP7": null, "RP8": null, "RP9": null, "RP10": null}}, {"model": "pnl.ejercicior", "pk": 46, "fields": {"IdTem": 5, "IdSub": 17, "Descripcion": "Sub 1", "NEjer": 1, "Tipo": "A", "RP1": "C", "RP2": "B", "RP3": "B", "RP4": "B", "RP5": "A", "RP6": null, "RP7": null, "RP8": null, "RP9": null, "RP10": null}}, {"model": "pnl.ejercicior", "pk": 47, "fields": {"IdTem": 5, "IdSub": 18, "Descripcion": "Sub 2", "NEjer": 2, "Tipo": "A", "RP1": "A", "RP2": "B", "RP3": "B", "RP4": "C", "RP5": "C", "RP6": null, "RP7": null, "RP8": null, "RP9": null, "RP10": null}}, {"model": "pnl.ejercicior", "pk": 48, "fields": {"IdTem": 5, "IdSub": 19, "Descripcion": "Sub 3", "NEjer": 3, "Tipo": "A", "RP1": "B", "RP2": "A", "RP3": "C", "RP4": "C", "RP5": "A", "RP6": null, "RP7": null, "RP8": null, "RP9": null, "RP10": null}}, {"model": "pnl.ejercicior", "pk": 49, "fields": {"IdTem": 1, "IdSub": 2, "Descripcion": "Sub 2", "NEjer": 3, "Tipo": "A", "RP1": "C", "RP2": "A", "RP3": "C", "RP4": "A", "RP5": "B", "RP6": "A", "RP7": null, "RP8": null, "RP9": null, "RP10": null}}, {"model": "pnl.ejercicior", "pk": 50, "fields": {"IdTem": 2, "IdSub": 5, "Descripcion": "Sub 1", "NEjer": 1, "Tipo": "A", "RP1": "A", "RP2": "C", "RP3": "A", "RP4": "B", "RP5": "B", "RP6": "C", "RP7": null, "RP8": null, "RP9": null, "RP10": null}}, {"model": "pnl.ejercicior", "pk": 51, "fields": {"IdTem": 2, "IdSub": 8, "Descripcion": "Sub 4", "NEjer": 3, "Tipo": "A", "RP1": "A", "RP2": "A", "RP3": "C", "RP4": "B", "RP5": "A", "RP6": "B", "RP7": null, "RP8": null, "RP9": null, "RP10": null}}, {"model": "pnl.ejercicior", "pk": 52, "fields": {"IdTem": 2, "IdSub": 6, "Descripcion": "Sub 2", "NEjer": 2, "Tipo": "V", "RP1": "A", "RP2": "C", "RP3": "B", "RP4": "B", "RP5": "A", "RP6": "B", "RP7": null, "RP8": null, "RP9": null, "RP10": null}}, {"model": "pnl.ejercicior", "pk": 53, "fields": {"IdTem": 2, "IdSub": 9, "Descripcion": "Sub 5", "NEjer": 3, "Tipo": "V", "RP1": "C", "RP2": "B", "RP3": "C", "RP4": "C", "RP5": "A", "RP6": null, "RP7": null, "RP8": null, "RP9": null, "RP10": null}}, {"model": "auth.user", "pk": 1, "fields": {"password": "pbkdf2_sha256$180000$lU6v2q0OxyoM$gaKA2d4cfDCTXHcIunjFcfdoujPUyc2H+o/dDPi2zVE=", "last_login": "2020-01-27T02:01:16.354Z", "is_superuser": true, "username": "AldoVS", "first_name": "", "last_name": "", "email": "valdezz__@hotmail.com", "is_staff": true, "is_active": true, "date_joined": "2020-01-25T02:10:19.481Z", "groups": [], "user_permissions": []}}, {"model": "admin.logentry", "pk": 1, "fields": {"action_time": "2020-01-26T01:18:20.516Z", "user": 1, "content_type": 15, "object_id": "6", "object_repr": "Usuario object (6)", "action_flag": 3, "change_message": ""}}, {"model": "admin.logentry", "pk": 2, "fields": {"action_time": "2020-01-26T01:18:20.520Z", "user": 1, "content_type": 15, "object_id": "5", "object_repr": "Usuario object (5)", "action_flag": 3, "change_message": ""}}, {"model": "admin.logentry", "pk": 3, "fields": {"action_time": "2020-01-26T01:18:20.524Z", "user": 1, "content_type": 15, "object_id": "4", "object_repr": "Usuario object (4)", "action_flag": 3, "change_message": ""}}, {"model": "admin.logentry", "pk": 4, "fields": {"action_time": "2020-01-26T01:18:20.529Z", "user": 1, "content_type": 15, "object_id": "3", "object_repr": "Usuario object (3)", "action_flag": 3, "change_message": ""}}, {"model": "admin.logentry", "pk": 5, "fields": {"action_time": "2020-01-26T01:18:20.533Z", "user": 1, "content_type": 15, "object_id": "2", "object_repr": "Usuario object (2)", "action_flag": 3, "change_message": ""}}, {"model": "admin.logentry", "pk": 6, "fields": {"action_time": "2020-01-26T01:18:20.537Z", "user": 1, "content_type": 15, "object_id": "1", "object_repr": "Usuario object (1)", "action_flag": 3, "change_message": ""}}]